name,chunkId
GOWEI工厂仓库,800bf25eebb104c17d8007555cdc359e
照片,800bf25eebb104c17d8007555cdc359e
电动三轮车,800bf25eebb104c17d8007555cdc359e
三轮车,800bf25eebb104c17d8007555cdc359e
品牌,800bf25eebb104c17d8007555cdc359e
品牌标识,800bf25eebb104c17d8007555cdc359e
产品,800bf25eebb104c17d8007555cdc359e
全新的,800bf25eebb104c17d8007555cdc359e
鲜艳的,800bf25eebb104c17d8007555cdc359e
蓝色,800bf25eebb104c17d8007555cdc359e
绿色,800bf25eebb104c17d8007555cdc359e
三轜车的尾部,800bf25eebb104c17d8007555cdc359e
干净,800bf25eebb104c17d8007555cdc359e
有序,800bf25eebb104c17d8007555cdc359e
GOWEI 电动三轮车工厂仓库,800bf25eebb104c17d8007555cdc359e
图片,3a8a00ee2de304f385b2b60a48f2fb47
GOWEI电动三轮车,3a8a00ee2de304f385b2b60a48f2fb47
工作人员,3a8a00ee2de304f385b2b60a48f2fb47
忙碌的场景,3a8a00ee2de304f385b2b60a48f2fb47
车间,3a8a00ee2de304f385b2b60a48f2fb47
设施,3a8a00ee2de304f385b2b60a48f2fb47
管道,3a8a00ee2de304f385b2b60a48f2fb47
电线,3a8a00ee2de304f385b2b60a48f2fb47
工业风扇,3a8a00ee2de304f385b2b60a48f2fb47
传送带,3a8a00ee2de304f385b2b60a48f2fb47
电动三轮车,3a8a00ee2de304f385b2b60a48f2fb47
工厂,3a8a00ee2de304f385b2b60a48f2fb47
高效组织性,3a8a00ee2de304f385b2b60a48f2fb47
运作流程,3a8a00ee2de304f385b2b60a48f2fb47
GOWEI 电动三轮车生产车间,3a8a00ee2de304f385b2b60a48f2fb47
男士,fd1a96afe5e60aeadb0dc960055d5890
蓝色的GOWEI电动三轮车,fd1a96afe5e60aeadb0dc960055d5890
砾石和泥土混合的道路,fd1a96afe5e60aeadb0dc960055d5890
乡村环境,fd1a96afe5e60aeadb0dc960055d5890
多辆车辆,fd1a96afe5e60aeadb0dc960055d5890
存放杂物的棚子,fd1a96afe5e60aeadb0dc960055d5890
狗的后半身,fd1a96afe5e60aeadb0dc960055d5890
户外活动,fd1a96afe5e60aeadb0dc960055d5890
测试新技术,fd1a96afe5e60aeadb0dc960055d5890
美国当地客户,fd1a96afe5e60aeadb0dc960055d5890
试驾,fd1a96afe5e60aeadb0dc960055d5890
图像,e0b737cd57672e91bdfa501edd0d3905
男士,e0b737cd57672e91bdfa501edd0d3905
蓝色的GOWEI电动三轮车,e0b737cd57672e91bdfa501edd0d3905
三轮车,e0b737cd57672e91bdfa501edd0d3905
货物,e0b737cd57672e91bdfa501edd0d3905
多云的天空,e0b737cd57672e91bdfa501edd0d3905
低矮的建筑,e0b737cd57672e91bdfa501edd0d3905
方向盘,e0b737cd57672e91bdfa501edd0d3905
电动车,e0b737cd57672e91bdfa501edd0d3905
户外,e0b737cd57672e91bdfa501edd0d3905
美国当地客户,e0b737cd57672e91bdfa501edd0d3905
试驾,e0b737cd57672e91bdfa501edd0d3905
实用的电动车,e0b737cd57672e91bdfa501edd0d3905
使用者,959c9383f86c4f93d8adec6fedd04f26
三轮车,959c9383f86c4f93d8adec6fedd04f26
农场,959c9383f86c4f93d8adec6fedd04f26
物品,959c9383f86c4f93d8adec6fedd04f26
房屋,959c9383f86c4f93d8adec6fedd04f26
围栏,959c9383f86c4f93d8adec6fedd04f26
天气,959c9383f86c4f93d8adec6fedd04f26
晴朗,959c9383f86c4f93d8adec6fedd04f26
美国用户,959c9383f86c4f93d8adec6fedd04f26
GOWEI电动三轮车,959c9383f86c4f93d8adec6fedd04f26
电动三轮车,8e692815e0bdff9e15e4c4b73ccf6bb0
正面视图,8e692815e0bdff9e15e4c4b73ccf6bb0
灯光系统,8e692815e0bdff9e15e4c4b73ccf6bb0
前面板,8e692815e0bdff9e15e4c4b73ccf6bb0
品牌标识,8e692815e0bdff9e15e4c4b73ccf6bb0
鲜艳的蓝色,8e692815e0bdff9e15e4c4b73ccf6bb0
头灯设计,8e692815e0bdff9e15e4c4b73ccf6bb0
现代,8e692815e0bdff9e15e4c4b73ccf6bb0
功能性强,8e692815e0bdff9e15e4c4b73ccf6bb0
GOWEI EEC状态电动三轮车,8e692815e0bdff9e15e4c4b73ccf6bb0
外卖员,f805cf43bc64ca8fcc07d5ed3ecb0005
工作服,f805cf43bc64ca8fcc07d5ed3ecb0005
外卖电动车,f805cf43bc64ca8fcc07d5ed3ecb0005
湖面,f805cf43bc64ca8fcc07d5ed3ecb0005
建筑,f805cf43bc64ca8fcc07d5ed3ecb0005
GOWEI 外卖车,f805cf43bc64ca8fcc07d5ed3ecb0005
测评,f805cf43bc64ca8fcc07d5ed3ecb0005
公司外景,2756d024691493f85927f6cc2de4a930
现代化工业建筑,2756d024691493f85927f6cc2de4a930
企业规模,2756d024691493f85927f6cc2de4a930
企业形象,2756d024691493f85927f6cc2de4a930
电动车烤漆工艺流程,2756d024691493f85927f6cc2de4a930
视频,2756d024691493f85927f6cc2de4a930
电动三轮车,766cac2273a287623b5aadfec3813a5f
乡村道路,766cac2273a287623b5aadfec3813a5f
草丛,766cac2273a287623b5aadfec3813a5f
天气,766cac2273a287623b5aadfec3813a5f
晴朗,766cac2273a287623b5aadfec3813a5f
路面,766cac2273a287623b5aadfec3813a5f
平坦,766cac2273a287623b5aadfec3813a5f
GOWEI 休闲电动三轮车,766cac2273a287623b5aadfec3813a5f
测评,766cac2273a287623b5aadfec3813a5f
图片,0bc9be1ff0c3c6ba26c2149ced85ce7d
装货场景,0bc9be1ff0c3c6ba26c2149ced85ce7d
红色叉车,0bc9be1ff0c3c6ba26c2149ced85ce7d
卡车,0bc9be1ff0c3c6ba26c2149ced85ce7d
货箱,0bc9be1ff0c3c6ba26c2149ced85ce7d
货物,0bc9be1ff0c3c6ba26c2149ced85ce7d
箱子,0bc9be1ff0c3c6ba26c2149ced85ce7d
物流区域,0bc9be1ff0c3c6ba26c2149ced85ce7d
平坦广场,0bc9be1ff0c3c6ba26c2149ced85ce7d
其他卡车,0bc9be1ff0c3c6ba26c2149ced85ce7d
集装箱,0bc9be1ff0c3c6ba26c2149ced85ce7d
货运,0bc9be1ff0c3c6ba26c2149ced85ce7d
物流操作,0bc9be1ff0c3c6ba26c2149ced85ce7d
GOWEI 装柜,0bc9be1ff0c3c6ba26c2149ced85ce7d
工人,83001830ec8d6bc0b79e3e6abe484e33
叉车,83001830ec8d6bc0b79e3e6abe484e33
货物,83001830ec8d6bc0b79e3e6abe484e33
卡车,83001830ec8d6bc0b79e3e6abe484e33
GOWEI 装柜,83001830ec8d6bc0b79e3e6abe484e33
蓝色集装箱,1fbd9a836fd91108df4a9264fb4148ce
仓库区域,1fbd9a836fd91108df4a9264fb4148ce
远景,1fbd9a836fd91108df4a9264fb4148ce
背景,1fbd9a836fd91108df4a9264fb4148ce
GOWEI 装柜,1fbd9a836fd91108df4a9264fb4148ce
三轮车的仪表盘,da491b1ad45ed3e1501ba363616561d1
速度,da491b1ad45ed3e1501ba363616561d1
电量显示,da491b1ad45ed3e1501ba363616561d1
功能指示,da491b1ad45ed3e1501ba363616561d1
驾驶模式,da491b1ad45ed3e1501ba363616561d1
GOWEI休闲电动三轮车,da491b1ad45ed3e1501ba363616561d1
男性工人,79a817dab672099be62b350576d1477f
大型机器,79a817dab672099be62b350576d1477f
组装,79a817dab672099be62b350576d1477f
维修工作,79a817dab672099be62b350576d1477f
蓝色,79a817dab672099be62b350576d1477f
工具,79a817dab672099be62b350576d1477f
零件,79a817dab672099be62b350576d1477f
忙碌而有序的工作环境,79a817dab672099be62b350576d1477f
车间,79a817dab672099be62b350576d1477f
光线充足,79a817dab672099be62b350576d1477f
大型吊扇,79a817dab672099be62b350576d1477f
空气流通,79a817dab672099be62b350576d1477f
GOWEI电动三轮车生产流水线,79a817dab672099be62b350576d1477f
图像,3061a8996ab34025775c4e86a7c64c50
红色的GOWEI品牌电动三轮车,3061a8996ab34025775c4e86a7c64c50
驾驶区,3061a8996ab34025775c4e86a7c64c50
方向手柄,3061a8996ab34025775c4e86a7c64c50
黑色的握把,3061a8996ab34025775c4e86a7c64c50
中央的数字仪表显示屏,3061a8996ab34025775c4e86a7c64c50
屏幕,3061a8996ab34025775c4e86a7c64c50
背景,3061a8996ab34025775c4e86a7c64c50
车身,3061a8996ab34025775c4e86a7c64c50
黑色货架,3061a8996ab34025775c4e86a7c64c50
文字,3061a8996ab34025775c4e86a7c64c50
三轮车,3061a8996ab34025775c4e86a7c64c50
老年人,3061a8996ab34025775c4e86a7c64c50
女性,3061a8996ab34025775c4e86a7c64c50
外观好看,3061a8996ab34025775c4e86a7c64c50
质量,3061a8996ab34025775c4e86a7c64c50
性能,3061a8996ab34025775c4e86a7c64c50
GOWEI3.0-8真空轮胎休闲电动三轮车,3061a8996ab34025775c4e86a7c64c50
图片,5d01d2ce29f51161afca37bb46717824
电动三轮车,5d01d2ce29f51161afca37bb46717824
室内场所,5d01d2ce29f51161afca37bb46717824
展示厅,5d01d2ce29f51161afca37bb46717824
浅蓝色,5d01d2ce29f51161afca37bb46717824
全封闭的驾驶舱,5d01d2ce29f51161afca37bb46717824
红色三轮车,5d01d2ce29f51161afca37bb46717824
白色三轮车,5d01d2ce29f51161afca37bb46717824
开放式的座位设计,5d01d2ce29f51161afca37bb46717824
休闲,5d01d2ce29f51161afca37bb46717824
便捷的城市出行,5d01d2ce29f51161afca37bb46717824
植物,5d01d2ce29f51161afca37bb46717824
自然的氛围,5d01d2ce29f51161afca37bb46717824
多样性,5d01d2ce29f51161afca37bb46717824
适用性,5d01d2ce29f51161afca37bb46717824
GOWEI60v20ah铅酸电池休闲电动三轮车,5d01d2ce29f51161afca37bb46717824
女主持人,c88765ddcf54a81fa42a015b865ce021
电动车,c88765ddcf54a81fa42a015b865ce021
自信,c88765ddcf54a81fa42a015b865ce021
专业,c88765ddcf54a81fa42a015b865ce021
氛围,c88765ddcf54a81fa42a015b865ce021
GOWEI CP900电动两轮车,c88765ddcf54a81fa42a015b865ce021
ROCKET电动车,f77e8219393719e0e690805173cebcf7
白色,f77e8219393719e0e690805173cebcf7
深棕色的座垫,f77e8219393719e0e690805173cebcf7
简洁而时尚,f77e8219393719e0e690805173cebcf7
宽阔的道路,f77e8219393719e0e690805173cebcf7
多辆车辆,f77e8219393719e0e690805173cebcf7
绿色植被,f77e8219393719e0e690805173cebcf7
环境较为开阔,f77e8219393719e0e690805173cebcf7
轮胎细节,f77e8219393719e0e690805173cebcf7
前轮,f77e8219393719e0e690805173cebcf7
现代化的合金轮毂设计,f77e8219393719e0e690805173cebcf7
ROCKET电动车展示视频,f77e8219393719e0e690805173cebcf7
Vespa电动车,c2e6d2e4de71f11d158bfb1279644bc2
侧面外观,c2e6d2e4de71f11d158bfb1279644bc2
蓝色调,c2e6d2e4de71f11d158bfb1279644bc2
设计,c2e6d2e4de71f11d158bfb1279644bc2
线条,c2e6d2e4de71f11d158bfb1279644bc2
车身表面,c2e6d2e4de71f11d158bfb1279644bc2
磨损痕迹,c2e6d2e4de71f11d158bfb1279644bc2
侧板,c2e6d2e4de71f11d158bfb1279644bc2
螺钉,c2e6d2e4de71f11d158bfb1279644bc2
制造工艺,c2e6d2e4de71f11d158bfb1279644bc2
座椅,c2e6d2e4de71f11d158bfb1279644bc2
深褐色,c2e6d2e4de71f11d158bfb1279644bc2
视觉美感,c2e6d2e4de71f11d158bfb1279644bc2
黑色的Vespa电动车,8195408f5ebdce8a3f76ad907e1f5dfb
户外绿地,8195408f5ebdce8a3f76ad907e1f5dfb
整洁,8195408f5ebdce8a3f76ad907e1f5dfb
高楼,8195408f5ebdce8a3f76ad907e1f5dfb
树木,8195408f5ebdce8a3f76ad907e1f5dfb
Vespa电动车应用,8195408f5ebdce8a3f76ad907e1f5dfb
外部厂区,0e6daada0f47215fa1e88d27a9a90be2
宽敞道路,0e6daada0f47215fa1e88d27a9a90be2
规整的建筑布局,0e6daada0f47215fa1e88d27a9a90be2
工厂,0e6daada0f47215fa1e88d27a9a90be2
现代化,0e6daada0f47215fa1e88d27a9a90be2
规模,0e6daada0f47215fa1e88d27a9a90be2
Vespa电动车工厂,0e6daada0f47215fa1e88d27a9a90be2
大型货车,9aac59886b5ecb5155c9df38ac772228
装货地点,9aac59886b5ecb5155c9df38ac772228
树木,9aac59886b5ecb5155c9df38ac772228
建筑,9aac59886b5ecb5155c9df38ac772228
GOWEI,9aac59886b5ecb5155c9df38ac772228
装柜,9aac59886b5ecb5155c9df38ac772228
仪表盘,76407bcb54c69936f298c6db1a44a6e3
速度,76407bcb54c69936f298c6db1a44a6e3
电量,76407bcb54c69936f298c6db1a44a6e3
用户界面设计,76407bcb54c69936f298c6db1a44a6e3
GOWEI休闲电动三轮车,76407bcb54c69936f298c6db1a44a6e3
电动车,563daf7e06b6206aecb0c1ec32cd3129
侧面线条,563daf7e06b6206aecb0c1ec32cd3129
设计细节,563daf7e06b6206aecb0c1ec32cd3129
Vespa电动车,563daf7e06b6206aecb0c1ec32cd3129
应用,563daf7e06b6206aecb0c1ec32cd3129
ROCKET电动车,83030fc967f6cb2f63d11a592d60e8e6
角度视图,83030fc967f6cb2f63d11a592d60e8e6
侧面视角,83030fc967f6cb2f63d11a592d60e8e6
前方视角,83030fc967f6cb2f63d11a592d60e8e6
设计线条,83030fc967f6cb2f63d11a592d60e8e6
储物箱,83030fc967f6cb2f63d11a592d60e8e6
手把,83030fc967f6cb2f63d11a592d60e8e6
灯具,83030fc967f6cb2f63d11a592d60e8e6
信号灯,83030fc967f6cb2f63d11a592d60e8e6
照明,83030fc967f6cb2f63d11a592d60e8e6
指示标识,83030fc967f6cb2f63d11a592d60e8e6
颜色,83030fc967f6cb2f63d11a592d60e8e6
白色,83030fc967f6cb2f63d11a592d60e8e6
棕色,83030fc967f6cb2f63d11a592d60e8e6
第一场景,83030fc967f6cb2f63d11a592d60e8e6
风格统一,83030fc967f6cb2f63d11a592d60e8e6
ROCKET电动车展示视频,83030fc967f6cb2f63d11a592d60e8e6
工人,a7a83819bbbf2a068f79ba8637350a45
卡车,a7a83819bbbf2a068f79ba8637350a45
货物,a7a83819bbbf2a068f79ba8637350a45
GOWEI,a7a83819bbbf2a068f79ba8637350a45
装柜,a7a83819bbbf2a068f79ba8637350a45
车辆,1a2eeff45f819aab8eb8e62dcda7f3f8
另一侧视角,1a2eeff45f819aab8eb8e62dcda7f3f8
设计的对称性,1a2eeff45f819aab8eb8e62dcda7f3f8
Vespa电动车,1a2eeff45f819aab8eb8e62dcda7f3f8
中上图,1a2eeff45f819aab8eb8e62dcda7f3f8
流水线长廊,454d623cdb7b51ff4e73f1aee1ba2fd0
清洁流水线,454d623cdb7b51ff4e73f1aee1ba2fd0
工厂内部管理,454d623cdb7b51ff4e73f1aee1ba2fd0
产品质量控制,454d623cdb7b51ff4e73f1aee1ba2fd0
电动车烤漆工艺流程,454d623cdb7b51ff4e73f1aee1ba2fd0
视频,454d623cdb7b51ff4e73f1aee1ba2fd0
蓝色工作服,ac37e9618c04613368f2ffab3cbc9ad2
工人,ac37e9618c04613368f2ffab3cbc9ad2
电动叉车,ac37e9618c04613368f2ffab3cbc9ad2
货物,ac37e9618c04613368f2ffab3cbc9ad2
GOWEI,ac37e9618c04613368f2ffab3cbc9ad2
装柜,ac37e9618c04613368f2ffab3cbc9ad2
三辆不同颜色的Vespa电动车,8070d5190731be45f8dd286c2cddf1a3
颜色选项,8070d5190731be45f8dd286c2cddf1a3
设计,8070d5190731be45f8dd286c2cddf1a3
Vespa电动车,8070d5190731be45f8dd286c2cddf1a3
应用,8070d5190731be45f8dd286c2cddf1a3
三轮车,55ae793b4d7beec0515afd3dce064c67
驾驶室,55ae793b4d7beec0515afd3dce064c67
货车部分,55ae793b4d7beec0515afd3dce064c67
车辆结构设计,55ae793b4d7beec0515afd3dce064c67
货舱空间,55ae793b4d7beec0515afd3dce064c67
侧面,55ae793b4d7beec0515afd3dce064c67
品牌标识,55ae793b4d7beec0515afd3dce064c67
GOWEI EEC状态电动三轮车,55ae793b4d7beec0515afd3dce064c67
仪表盘,71f77d1a6cd5e5d0eb86a150ee738847
速度,71f77d1a6cd5e5d0eb86a150ee738847
电量,71f77d1a6cd5e5d0eb86a150ee738847
READY模式,71f77d1a6cd5e5d0eb86a150ee738847
SPORT模式,71f77d1a6cd5e5d0eb86a150ee738847
GOWEI休闲电动三轮车,71f77d1a6cd5e5d0eb86a150ee738847
电动三轮车,eb54dd39d9f336feaa7d1ad34c0cd2f3
乡村道路,eb54dd39d9f336feaa7d1ad34c0cd2f3
稳定性,eb54dd39d9f336feaa7d1ad34c0cd2f3
舒适性,eb54dd39d9f336feaa7d1ad34c0cd2f3
GOWEI 休闲电动三轮车,eb54dd39d9f336feaa7d1ad34c0cd2f3
测评,eb54dd39d9f336feaa7d1ad34c0cd2f3
GOWEI CP900,18f717e1d5924d1e08bd1376c2809ca3
户外,18f717e1d5924d1e08bd1376c2809ca3
车辆,18f717e1d5924d1e08bd1376c2809ca3
正面,18f717e1d5924d1e08bd1376c2809ca3
设计细节,18f717e1d5924d1e08bd1376c2809ca3
GOWEI CP900电动两轮车,18f717e1d5924d1e08bd1376c2809ca3
电动车,0ee1b4eda1c0672b1465cbf2b7059013
数字化仪表盘,0ee1b4eda1c0672b1465cbf2b7059013
速度,0ee1b4eda1c0672b1465cbf2b7059013
电量,0ee1b4eda1c0672b1465cbf2b7059013
现代化技术,0ee1b4eda1c0672b1465cbf2b7059013
Vespa电动车,0ee1b4eda1c0672b1465cbf2b7059013
红衣工人,a58ab5716a6370d29c8d037dfcbd5833
卡车,a58ab5716a6370d29c8d037dfcbd5833
大型纸箱,a58ab5716a6370d29c8d037dfcbd5833
另一位工人,a58ab5716a6370d29c8d037dfcbd5833
外部,a58ab5716a6370d29c8d037dfcbd5833
协助,a58ab5716a6370d29c8d037dfcbd5833
GOWEI,a58ab5716a6370d29c8d037dfcbd5833
装柜,a58ab5716a6370d29c8d037dfcbd5833
大型卡车,708021a3ca6465e16da8617506cf96a1
GOWEI标志,708021a3ca6465e16da8617506cf96a1
货物,708021a3ca6465e16da8617506cf96a1
集装箱,708021a3ca6465e16da8617506cf96a1
目的地,708021a3ca6465e16da8617506cf96a1
GOWEI 装柜,708021a3ca6465e16da8617506cf96a1
GOWEI CP900,53dd7ab92fcbcd7c2161bcbc8225fec9
动感设计,53dd7ab92fcbcd7c2161bcbc8225fec9
运动风格,53dd7ab92fcbcd7c2161bcbc8225fec9
GOWEI CP900电动两轮车,53dd7ab92fcbcd7c2161bcbc8225fec9
正面全景图,9f2bc23a972746243f9d4a95202be13f
三轮车,9f2bc23a972746243f9d4a95202be13f
品牌标志,9f2bc23a972746243f9d4a95202be13f
车灯,9f2bc23a972746243f9d4a95202be13f
设计现代,9f2bc23a972746243f9d4a95202be13f
GOWEI休闲电动三轮车,9f2bc23a972746243f9d4a95202be13f
工人,d75fddf665d93d57f70804082847868a
监视器,d75fddf665d93d57f70804082847868a
仓库,d75fddf665d93d57f70804082847868a
GOWEI,d75fddf665d93d57f70804082847868a
装柜,d75fddf665d93d57f70804082847868a
电动车,37d2331b2faba03c77ff3e835915953b
前部,37d2331b2faba03c77ff3e835915953b
灯光,37d2331b2faba03c77ff3e835915953b
车标配置,37d2331b2faba03c77ff3e835915953b
GOWEI CP900电动两轮车,37d2331b2faba03c77ff3e835915953b
仪表盘特写,f8af9064680b31adee8c880bee042b0c
驾驶视角,f8af9064680b31adee8c880bee042b0c
信息展示,f8af9064680b31adee8c880bee042b0c
易用性,f8af9064680b31adee8c880bee042b0c
Vespa电动车,f8af9064680b31adee8c880bee042b0c
应用,f8af9064680b31adee8c880bee042b0c
斜角视图,d4f9c56df69e99f74c6a07b63330b57f
电动车,d4f9c56df69e99f74c6a07b63330b57f
整体设计,d4f9c56df69e99f74c6a07b63330b57f
颜色搭配,d4f9c56df69e99f74c6a07b63330b57f
GOWEI CP900电动两轮车,d4f9c56df69e99f74c6a07b63330b57f
工人,5133e0bc18db83d99b57d6228efe92f0
技术设备,5133e0bc18db83d99b57d6228efe92f0
机械,5133e0bc18db83d99b57d6228efe92f0
机器,5133e0bc18db83d99b57d6228efe92f0
设定,5133e0bc18db83d99b57d6228efe92f0
维护,5133e0bc18db83d99b57d6228efe92f0
GOWEI 装柜,5133e0bc18db83d99b57d6228efe92f0
电动三轮车,229529d8b380a1a6e5dd29afe3bf1239
尾灯,229529d8b380a1a6e5dd29afe3bf1239
车厢,229529d8b380a1a6e5dd29afe3bf1239
载货能力,229529d8b380a1a6e5dd29afe3bf1239
车身结构,229529d8b380a1a6e5dd29afe3bf1239
GOWEI EEC状态电动三轮车,229529d8b380a1a6e5dd29afe3bf1239
内部构造特写,9dde7b5e1cf4918a15ab63deca9a927a
电动车,9dde7b5e1cf4918a15ab63deca9a927a
储物空间,9dde7b5e1cf4918a15ab63deca9a927a
安全头盔,9dde7b5e1cf4918a15ab63deca9a927a
实用性,9dde7b5e1cf4918a15ab63deca9a927a
Vespa电动车,9dde7b5e1cf4918a15ab63deca9a927a
电动三轮车,1438b042f7b0d475ba11254a162ff864
十字路口,1438b042f7b0d475ba11254a162ff864
交通标志,1438b042f7b0d475ba11254a162ff864
减速带,1438b042f7b0d475ba11254a162ff864
复杂交通环境,1438b042f7b0d475ba11254a162ff864
GOWEI 休闲电动三轮车,1438b042f7b0d475ba11254a162ff864
测评,1438b042f7b0d475ba11254a162ff864
女主持人,fff5c15b7b9e23534b56c085b4f8fc1d
电动车,fff5c15b7b9e23534b56c085b4f8fc1d
便捷的使用性,fff5c15b7b9e23534b56c085b4f8fc1d
GOWEI CP900电动两轮车,fff5c15b7b9e23534b56c085b4f8fc1d
大型卡车,700bd2287d36c555abcf462f6f38e86b
集装箱,700bd2287d36c555abcf462f6f38e86b
MAERSK,700bd2287d36c555abcf462f6f38e86b
海运货物,700bd2287d36c555abcf462f6f38e86b
GOWEI 装柜,700bd2287d36c555abcf462f6f38e86b
风景优美的桥,db6b57a1bb6be9eee5c20f2deec08952
传统建筑,db6b57a1bb6be9eee5c20f2deec08952
外卖车,db6b57a1bb6be9eee5c20f2deec08952
配送服务,db6b57a1bb6be9eee5c20f2deec08952
环境,db6b57a1bb6be9eee5c20f2deec08952
GOWEI 外卖车测评,db6b57a1bb6be9eee5c20f2deec08952
全景图,8c60a08370d627f081e49f4c800ffd1d
红色款式的三轮车,8c60a08370d627f081e49f4c800ffd1d
鲜艳的颜色,8c60a08370d627f081e49f4c800ffd1d
明显的外观设计,8c60a08370d627f081e49f4c800ffd1d
GOWEI休闲电动三轮车,8c60a08370d627f081e49f4c800ffd1d
工人,e0d3ca843a368382890bc0d5a21e5da2
打印机,e0d3ca843a368382890bc0d5a21e5da2
大型机械设备,e0d3ca843a368382890bc0d5a21e5da2
维修,e0d3ca843a368382890bc0d5a21e5da2
操作,e0d3ca843a368382890bc0d5a21e5da2
GOWEI 装柜,e0d3ca843a368382890bc0d5a21e5da2
内部储物空间,06705f8e209c2db2d6b842d3a6f9a3cb
存储容量,06705f8e209c2db2d6b842d3a6f9a3cb
Vespa电动车,06705f8e209c2db2d6b842d3a6f9a3cb
应用,06705f8e209c2db2d6b842d3a6f9a3cb
三轮车,63235a4c7bf460d7dd1935ad95cee6a2
农场,63235a4c7bf460d7dd1935ad95cee6a2
羊,63235a4c7bf460d7dd1935ad95cee6a2
羊群,63235a4c7bf460d7dd1935ad95cee6a2
美国用户,63235a4c7bf460d7dd1935ad95cee6a2
GOWEI电动三轮车,63235a4c7bf460d7dd1935ad95cee6a2
工人,6f5387de063b459c3aed9740fae1f8fb
大型机械,6f5387de063b459c3aed9740fae1f8fb
操作,6f5387de063b459c3aed9740fae1f8fb
维护工作,6f5387de063b459c3aed9740fae1f8fb
GOWEI 装柜,6f5387de063b459c3aed9740fae1f8fb
电动车,d6e02e4a113bcf7d2ca483add4c50154
驾驶器械,d6e02e4a113bcf7d2ca483add4c50154
后视镜,d6e02e4a113bcf7d2ca483add4c50154
手把,d6e02e4a113bcf7d2ca483add4c50154
车辆控制部分,d6e02e4a113bcf7d2ca483add4c50154
细节,d6e02e4a113bcf7d2ca483add4c50154
Vespa电动车,d6e02e4a113bcf7d2ca483add4c50154
三轮车,85339e6a00f04c19572c3ddc0d1ea25e
座椅部分,85339e6a00f04c19572c3ddc0d1ea25e
座椅设计,85339e6a00f04c19572c3ddc0d1ea25e
安全结构,85339e6a00f04c19572c3ddc0d1ea25e
乘客舒适,85339e6a00f04c19572c3ddc0d1ea25e
乘客安全,85339e6a00f04c19572c3ddc0d1ea25e
GOWEI休闲电动三轮车,85339e6a00f04c19572c3ddc0d1ea25e
图像,3e0f46bf7a9eccc077d81fda8809f11f
棕色外套,3e0f46bf7a9eccc077d81fda8809f11f
白色摩托车头盔,3e0f46bf7a9eccc077d81fda8809f11f
白色的Vespa电动车,3e0f46bf7a9eccc077d81fda8809f11f
日晒充足的公园,3e0f46bf7a9eccc077d81fda8809f11f
绿色的草地,3e0f46bf7a9eccc077d81fda8809f11f
行道树,3e0f46bf7a9eccc077d81fda8809f11f
城市公园环境,3e0f46bf7a9eccc077d81fda8809f11f
Vespa电动车应用,3e0f46bf7a9eccc077d81fda8809f11f
送外卖员,2c5b82205344002d1b9b4cd1d2b49709
装备,2c5b82205344002d1b9b4cd1d2b49709
衣物细节,2c5b82205344002d1b9b4cd1d2b49709
专业性,2c5b82205344002d1b9b4cd1d2b49709
GOWEI 外卖车,2c5b82205344002d1b9b4cd1d2b49709
测评,2c5b82205344002d1b9b4cd1d2b49709
重载的卡车,d0c54e7ce13cb17311eb1c4ae2b71d4c
公路,d0c54e7ce13cb17311eb1c4ae2b71d4c
红色货柜,d0c54e7ce13cb17311eb1c4ae2b71d4c
堆叠,d0c54e7ce13cb17311eb1c4ae2b71d4c
车身,d0c54e7ce13cb17311eb1c4ae2b71d4c
GOWEI,d0c54e7ce13cb17311eb1c4ae2b71d4c
标识,d0c54e7ce13cb17311eb1c4ae2b71d4c
装柜,d0c54e7ce13cb17311eb1c4ae2b71d4c
驾驶室,efd2b590ea86ffb298a9c2e7e735f0d4
内部视图,efd2b590ea86ffb298a9c2e7e735f0d4
仪表盘,efd2b590ea86ffb298a9c2e7e735f0d4
方向盘,efd2b590ea86ffb298a9c2e7e735f0d4
坐椅,efd2b590ea86ffb298a9c2e7e735f0d4
内饰细节,efd2b590ea86ffb298a9c2e7e735f0d4
内部布局,efd2b590ea86ffb298a9c2e7e735f0d4
简洁实用,efd2b590ea86ffb298a9c2e7e735f0d4
功能性,efd2b590ea86ffb298a9c2e7e735f0d4
操作的便利,efd2b590ea86ffb298a9c2e7e735f0d4
GOWEI EEC状态电动三轮车,efd2b590ea86ffb298a9c2e7e735f0d4
工作人员,2c2680bc50ce871f5a9b537e46c2df64
材料贮存区,2c2680bc50ce871f5a9b537e46c2df64
工厂,2c2680bc50ce871f5a9b537e46c2df64
材料存储,2c2680bc50ce871f5a9b537e46c2df64
系统性,2c2680bc50ce871f5a9b537e46c2df64
条理性,2c2680bc50ce871f5a9b537e46c2df64
电动车烤漆工艺流程,2c2680bc50ce871f5a9b537e46c2df64
视频,2c2680bc50ce871f5a9b537e46c2df64
电动三轮车,b7c96ce71211809f08c67a552bd99555
零部件,b7c96ce71211809f08c67a552bd99555
车轮,b7c96ce71211809f08c67a552bd99555
仓库,b7c96ce71211809f08c67a552bd99555
货架,b7c96ce71211809f08c67a552bd99555
橙色的电缆,b7c96ce71211809f08c67a552bd99555
配件,b7c96ce71211809f08c67a552bd99555
地面,b7c96ce71211809f08c67a552bd99555
材料的储存,b7c96ce71211809f08c67a552bd99555
前期准备工作,b7c96ce71211809f08c67a552bd99555
灯光,b7c96ce71211809f08c67a552bd99555
建筑结构,b7c96ce71211809f08c67a552bd99555
现代化的工业环境,b7c96ce71211809f08c67a552bd99555
GOWEI电动三轮车生产流水线,b7c96ce71211809f08c67a552bd99555
电动车,a40c76224ecbe43d55bdb4b1ac98b7d9
湖边木栈道,a40c76224ecbe43d55bdb4b1ac98b7d9
设计,a40c76224ecbe43d55bdb4b1ac98b7d9
自然环境,a40c76224ecbe43d55bdb4b1ac98b7d9
GOWEI,a40c76224ecbe43d55bdb4b1ac98b7d9
外卖车,a40c76224ecbe43d55bdb4b1ac98b7d9
测评,a40c76224ecbe43d55bdb4b1ac98b7d9
侧面视角,a264e2fb9b4e6c772bb2e92a62e58bfe
三轮车,a264e2fb9b4e6c772bb2e92a62e58bfe
整体设计,a264e2fb9b4e6c772bb2e92a62e58bfe
紧凑的车身结构,a264e2fb9b4e6c772bb2e92a62e58bfe
便捷的入门设计,a264e2fb9b4e6c772bb2e92a62e58bfe
GOWEI休闲电动三轮车,a264e2fb9b4e6c772bb2e92a62e58bfe
员工,05eb1cb2b5a7c6ec801b515ee8c90de1
电动车装配线,05eb1cb2b5a7c6ec801b515ee8c90de1
装配线,05eb1cb2b5a7c6ec801b515ee8c90de1
生产线,05eb1cb2b5a7c6ec801b515ee8c90de1
忙碌,05eb1cb2b5a7c6ec801b515ee8c90de1
效率,05eb1cb2b5a7c6ec801b515ee8c90de1
Vespa电动车工厂,05eb1cb2b5a7c6ec801b515ee8c90de1
车辆部件原材料,697bf83eb955aef16de635a93c1c350c
员工,697bf83eb955aef16de635a93c1c350c
零部件,697bf83eb955aef16de635a93c1c350c
上色,697bf83eb955aef16de635a93c1c350c
电动车烤漆工艺流程,697bf83eb955aef16de635a93c1c350c
视频,697bf83eb955aef16de635a93c1c350c
大型卡车,5313df498aa7aada5d9040ac27e2d117
货物,5313df498aa7aada5d9040ac27e2d117
停车场,5313df498aa7aada5d9040ac27e2d117
装卸区,5313df498aa7aada5d9040ac27e2d117
GOWEI 装柜,5313df498aa7aada5d9040ac27e2d117
零部件,b49bd7b5e4ada3ed762d7ca66c211193
预处理,b49bd7b5e4ada3ed762d7ca66c211193
烤漆,b49bd7b5e4ada3ed762d7ca66c211193
电动车,b49bd7b5e4ada3ed762d7ca66c211193
工艺流程,b49bd7b5e4ada3ed762d7ca66c211193
视频,b49bd7b5e4ada3ed762d7ca66c211193
空闲的机动托盘,23206d94595918448bb8b252dac07626
移动和装卸重型货物,23206d94595918448bb8b252dac07626
前景模糊,23206d94595918448bb8b252dac07626
GOWEI 装柜,23206d94595918448bb8b252dac07626
三轮车,1ae89a68b1169443f732c75efc6b15b1
驾驶舱区域,1ae89a68b1169443f732c75efc6b15b1
驾驶的舒适性,1ae89a68b1169443f732c75efc6b15b1
操作便利性,1ae89a68b1169443f732c75efc6b15b1
GOWEI休闲电动三轮车,1ae89a68b1169443f732c75efc6b15b1
外卖电动车,0d1d6db65b4e866c9e30ac1f38c88d72
展示设计,0d1d6db65b4e866c9e30ac1f38c88d72
结构特点,0d1d6db65b4e866c9e30ac1f38c88d72
颜色,0d1d6db65b4e866c9e30ac1f38c88d72
商标,0d1d6db65b4e866c9e30ac1f38c88d72
GOWEI,0d1d6db65b4e866c9e30ac1f38c88d72
外卖车,0d1d6db65b4e866c9e30ac1f38c88d72
测评,0d1d6db65b4e866c9e30ac1f38c88d72
场景,76f6f8a8e37c362ac07610760c006afe
左前方45度角,76f6f8a8e37c362ac07610760c006afe
三轮车,76f6f8a8e37c362ac07610760c006afe
综合的视角,76f6f8a8e37c362ac07610760c006afe
车头,76f6f8a8e37c362ac07610760c006afe
侧门,76f6f8a8e37c362ac07610760c006afe
部分货舱,76f6f8a8e37c362ac07610760c006afe
电动三轮车,76f6f8a8e37c362ac07610760c006afe
动态设计,76f6f8a8e37c362ac07610760c006afe
实用特性,76f6f8a8e37c362ac07610760c006afe
GOWEI EEC状态电动三轮车,76f6f8a8e37c362ac07610760c006afe
电动车,1dbcbb616e12050ab046d1c734375604
头灯,1dbcbb616e12050ab046d1c734375604
前灯设计,1dbcbb616e12050ab046d1c734375604
技术细节,1dbcbb616e12050ab046d1c734375604
GOWEI 外卖车,1dbcbb616e12050ab046d1c734375604
测评,1dbcbb616e12050ab046d1c734375604
工作人员,ccf4fbb28c605abaa689488ea2c832b8
部件,ccf4fbb28c605abaa689488ea2c832b8
喷漆处理,ccf4fbb28c605abaa689488ea2c832b8
专业喷枪设备,ccf4fbb28c605abaa689488ea2c832b8
电动车烤漆工艺流程,ccf4fbb28c605abaa689488ea2c832b8
视频,ccf4fbb28c605abaa689488ea2c832b8
外卖电动车,bbb881b6f251dfd581071c076f4fa494
人行道,bbb881b6f251dfd581071c076f4fa494
城市,bbb881b6f251dfd581071c076f4fa494
应用场景,bbb881b6f251dfd581071c076f4fa494
GOWEI 外卖车,bbb881b6f251dfd581071c076f4fa494
测评,bbb881b6f251dfd581071c076f4fa494
喷漆过程,5d54969780627fee12d34ded10461982
工作人员,5d54969780627fee12d34ded10461982
涂层,5d54969780627fee12d34ded10461982
电动车烤漆工艺流程,5d54969780627fee12d34ded10461982
视频,5d54969780627fee12d34ded10461982
复杂形状部件,5d54969780627fee12d34ded10461982
精细操作,5d54969780627fee12d34ded10461982
均匀,5d54969780627fee12d34ded10461982
三轮车,fc7824abc336a93d210b4d6afc6f1d1d
顶部保护架,fc7824abc336a93d210b4d6afc6f1d1d
后部设计,fc7824abc336a93d210b4d6afc6f1d1d
侧后方造型,fc7824abc336a93d210b4d6afc6f1d1d
GOWEI休闲电动三轮车,fc7824abc336a93d210b4d6afc6f1d1d
外卖员,b7a87cf3d9921e04410d92591f011b07
电动车把手,b7a87cf3d9921e04410d92591f011b07
操作,b7a87cf3d9921e04410d92591f011b07
控制,b7a87cf3d9921e04410d92591f011b07
GOWEI 外卖车,b7a87cf3d9921e04410d92591f011b07
测评,b7a87cf3d9921e04410d92591f011b07
机动托盘,b45fb95f133748727468be5c801bec43
不同角度,b45fb95f133748727468be5c801bec43
装备,b45fb95f133748727468be5c801bec43
详情,b45fb95f133748727468be5c801bec43
轮胎,b45fb95f133748727468be5c801bec43
金属结构,b45fb95f133748727468be5c801bec43
GOWEI 装柜,b45fb95f133748727468be5c801bec43
MAERSK标志,1da148ede02cdc84a25d85cff373cd5a
集装箱,1da148ede02cdc84a25d85cff373cd5a
货车,1da148ede02cdc84a25d85cff373cd5a
车身侧面,1da148ede02cdc84a25d85cff373cd5a
车轮,1da148ede02cdc84a25d85cff373cd5a
行驶状态,1da148ede02cdc84a25d85cff373cd5a
GOWEI 装柜,1da148ede02cdc84a25d85cff373cd5a
电动车,863473d655764d5b0c21bc417afcd70f
尾灯,863473d655764d5b0c21bc417afcd70f
牌照部分,863473d655764d5b0c21bc417afcd70f
夜间安全性能,863473d655764d5b0c21bc417afcd70f
GOWEI 外卖车,863473d655764d5b0c21bc417afcd70f
测评,863473d655764d5b0c21bc417afcd70f
工作人员,179c6fa76fcd977ad9364f10ef186d4b
喷漆后的处理工作,179c6fa76fcd977ad9364f10ef186d4b
擦拭,179c6fa76fcd977ad9364f10ef186d4b
检查漆面的质量,179c6fa76fcd977ad9364f10ef186d4b
电动车烤漆工艺流程,179c6fa76fcd977ad9364f10ef186d4b
视频,179c6fa76fcd977ad9364f10ef186d4b
电动车,14187b3763fb70368577d623c0862595
户外道路,14187b3763fb70368577d623c0862595
实际使用,14187b3763fb70368577d623c0862595
场景,14187b3763fb70368577d623c0862595
GOWEI CP900电动两轮车,14187b3763fb70368577d623c0862595
GOWEI品牌,5994679caca04bd8e763e7ff2cea1d13
休闲电动三轮车,5994679caca04bd8e763e7ff2cea1d13
设计现代,5994679caca04bd8e763e7ff2cea1d13
宽敞舒适的坐座,5994679caca04bd8e763e7ff2cea1d13
遮阳篷,5994679caca04bd8e763e7ff2cea1d13
良好的防晒功能,5994679caca04bd8e763e7ff2cea1d13
车身颜色,5994679caca04bd8e763e7ff2cea1d13
米色,5994679caca04bd8e763e7ff2cea1d13
黑色,5994679caca04bd8e763e7ff2cea1d13
后置的篮子,5994679caca04bd8e763e7ff2cea1d13
存放物品,5994679caca04bd8e763e7ff2cea1d13
整体结构,5994679caca04bd8e763e7ff2cea1d13
稳固,5994679caca04bd8e763e7ff2cea1d13
现代化,5994679caca04bd8e763e7ff2cea1d13
休闲出行,5994679caca04bd8e763e7ff2cea1d13
GOWEI休闲电动三轮车介绍,5994679caca04bd8e763e7ff2cea1d13
外卖员,2d20f933b0a93c019696ee94c942ef29
黄色外套,2d20f933b0a93c019696ee94c942ef29
绿树成荫的路,2d20f933b0a93c019696ee94c942ef29
车辆,2d20f933b0a93c019696ee94c942ef29
公园,2d20f933b0a93c019696ee94c942ef29
环境,2d20f933b0a93c019696ee94c942ef29
GOWEI 外卖车,2d20f933b0a93c019696ee94c942ef29
测评,2d20f933b0a93c019696ee94c942ef29
电动车底盘,b465231e2a1280f3d2117185a32401f3
悬挂系统,b465231e2a1280f3d2117185a32401f3
技术细节,b465231e2a1280f3d2117185a32401f3
做工精良,b465231e2a1280f3d2117185a32401f3
GOWEI CP900电动两轮车,b465231e2a1280f3d2117185a32401f3
男性,1c4e4699eefce17c7cd3cef64d23c66e
摄影师,1c4e4699eefce17c7cd3cef64d23c66e
仓库,1c4e4699eefce17c7cd3cef64d23c66e
装货卡车,1c4e4699eefce17c7cd3cef64d23c66e
活动,1c4e4699eefce17c7cd3cef64d23c66e
GOWEI 装柜,1c4e4699eefce17c7cd3cef64d23c66e
动态角度,b7db1a751b255e97f598feea0e298ef4
车辆,b7db1a751b255e97f598feea0e298ef4
行驶,b7db1a751b255e97f598feea0e298ef4
速度感,b7db1a751b255e97f598feea0e298ef4
流畅的驾驶体验,b7db1a751b255e97f598feea0e298ef4
GOWEI CP900电动两轮车,b7db1a751b255e97f598feea0e298ef4
骑行装备,2565554017b0b8bde07b99804c2b4ebe
女性骑手,2565554017b0b8bde07b99804c2b4ebe
警告标志,2565554017b0b8bde07b99804c2b4ebe
桥,2565554017b0b8bde07b99804c2b4ebe
禁止两轮车通行,2565554017b0b8bde07b99804c2b4ebe
GOWEI CP900电动两轮车,2565554017b0b8bde07b99804c2b4ebe
女性,a2c5be9ffb097f45eaa93b3919fdb39e
电动摩托,a2c5be9ffb097f45eaa93b3919fdb39e
72V60AH电池,a2c5be9ffb097f45eaa93b3919fdb39e
GOWEI CP900电动两轮车,a2c5be9ffb097f45eaa93b3919fdb39e
外卖员,f88e7277a172bc8b6de9531404fc9014
电动车,f88e7277a172bc8b6de9531404fc9014
转弯,f88e7277a172bc8b6de9531404fc9014
稳定性,f88e7277a172bc8b6de9531404fc9014
GOWEI 外卖车,f88e7277a172bc8b6de9531404fc9014
测评,f88e7277a172bc8b6de9531404fc9014
操作人员,dcab1a590557fd0edd08d0fd60af368d
工作服,dcab1a590557fd0edd08d0fd60af368d
叉车,dcab1a590557fd0edd08d0fd60af368d
橙色,dcab1a590557fd0edd08d0fd60af368d
货物箱,dcab1a590557fd0edd08d0fd60af368d
标签,dcab1a590557fd0edd08d0fd60af368d
FORTE,dcab1a590557fd0edd08d0fd60af368d
卡车,dcab1a590557fd0edd08d0fd60af368d
GOWEI 装柜,dcab1a590557fd0edd08d0fd60af368d
电动车,02ae23051f0089271a622bb2c0236a36
前轮,02ae23051f0089271a622bb2c0236a36
刹车系统,02ae23051f0089271a622bb2c0236a36
机械部件,02ae23051f0089271a622bb2c0236a36
质量,02ae23051f0089271a622bb2c0236a36
设计,02ae23051f0089271a622bb2c0236a36
GOWEI 外卖车,02ae23051f0089271a622bb2c0236a36
测评,02ae23051f0089271a622bb2c0236a36
装配线,3fc2644bf4558ee49318ea56ce39487a
工作情况,3fc2644bf4558ee49318ea56ce39487a
员工,3fc2644bf4558ee49318ea56ce39487a
组装步骤,3fc2644bf4558ee49318ea56ce39487a
流水线作业,3fc2644bf4558ee49318ea56ce39487a
协调性,3fc2644bf4558ee49318ea56ce39487a
Vespa电动车工厂,3fc2644bf4558ee49318ea56ce39487a
外卖员,4b8d4decf768e72dbf95eb8f5906ccbb
电动车,4b8d4decf768e72dbf95eb8f5906ccbb
骑行,4b8d4decf768e72dbf95eb8f5906ccbb
舒适度,4b8d4decf768e72dbf95eb8f5906ccbb
GOWEI 外卖车,4b8d4decf768e72dbf95eb8f5906ccbb
测评,4b8d4decf768e72dbf95eb8f5906ccbb
三轮车,5fa765678985cf29dd3bebd5c7f1248b
农场,5fa765678985cf29dd3bebd5c7f1248b
大型的牛,5fa765678985cf29dd3bebd5c7f1248b
美国用户,5fa765678985cf29dd3bebd5c7f1248b
GOWEI电动三轮车,5fa765678985cf29dd3bebd5c7f1248b
电动摩托车,f7b2ef163527a73543456b1565f55cc6
前轮,f7b2ef163527a73543456b1565f55cc6
刹车系统,f7b2ef163527a73543456b1565f55cc6
轮胎规格,f7b2ef163527a73543456b1565f55cc6
110/70-12,f7b2ef163527a73543456b1565f55cc6
GOWEI CP900电动两轮车,f7b2ef163527a73543456b1565f55cc6
员工,d2cf5d7182cf49fa19a6e7cd58435fb5
电动车,d2cf5d7182cf49fa19a6e7cd58435fb5
前部组件,d2cf5d7182cf49fa19a6e7cd58435fb5
质量控制,d2cf5d7182cf49fa19a6e7cd58435fb5
详细工作,d2cf5d7182cf49fa19a6e7cd58435fb5
Vespa电动车工厂,d2cf5d7182cf49fa19a6e7cd58435fb5
三轮车,8edbdffa9bc2283ccb2a0c6b0178a467
户外,8edbdffa9bc2283ccb2a0c6b0178a467
工具,8edbdffa9bc2283ccb2a0c6b0178a467
材料,8edbdffa9bc2283ccb2a0c6b0178a467
大伞,8edbdffa9bc2283ccb2a0c6b0178a467
阴凉,8edbdffa9bc2283ccb2a0c6b0178a467
美国用户,8edbdffa9bc2283ccb2a0c6b0178a467
GOWEI电动三轮车,8edbdffa9bc2283ccb2a0c6b0178a467
外卖员,a4e95b55b86739bcd2e18dab8263987a
钢架,a4e95b55b86739bcd2e18dab8263987a
塑料袋,a4e95b55b86739bcd2e18dab8263987a
商品,a4e95b55b86739bcd2e18dab8263987a
电动车,a4e95b55b86739bcd2e18dab8263987a
实用载物功能,a4e95b55b86739bcd2e18dab8263987a
GOWEI 外卖车,a4e95b55b86739bcd2e18dab8263987a
测评,a4e95b55b86739bcd2e18dab8263987a
电动车,a4f9bc47ce086ec72ce96bf59510733d
仪表盘,a4f9bc47ce086ec72ce96bf59510733d
当前速度,a4f9bc47ce086ec72ce96bf59510733d
24公里/小时,a4f9bc47ce086ec72ce96bf59510733d
信息,a4f9bc47ce086ec72ce96bf59510733d
清晰易读,a4f9bc47ce086ec72ce96bf59510733d
GOWEI 外卖车,a4f9bc47ce086ec72ce96bf59510733d
测评,a4f9bc47ce086ec72ce96bf59510733d
完成品,040942e15c464491bd22c739cea3a990
最终检验过程,040942e15c464491bd22c739cea3a990
员工,040942e15c464491bd22c739cea3a990
质量检查,040942e15c464491bd22c739cea3a990
产品,040942e15c464491bd22c739cea3a990
标准,040942e15c464491bd22c739cea3a990
电动车烤漆工艺流程,040942e15c464491bd22c739cea3a990
视频,040942e15c464491bd22c739cea3a990
电动摩托车,186516c0934675be9d013522d61c7c22
后轮,186516c0934675be9d013522d61c7c22
刹车系统,186516c0934675be9d013522d61c7c22
轮胎规格,186516c0934675be9d013522d61c7c22
120/70-12j,186516c0934675be9d013522d61c7c22
GOWEI CP900电动两轮车,186516c0934675be9d013522d61c7c22
电动车,c7c806f3dc7f5197288233734bb2f819
驾驶者,c7c806f3dc7f5197288233734bb2f819
整体侧视图,c7c806f3dc7f5197288233734bb2f819
设计,c7c806f3dc7f5197288233734bb2f819
现代感,c7c806f3dc7f5197288233734bb2f819
实用性,c7c806f3dc7f5197288233734bb2f819
GOWEI 外卖车,c7c806f3dc7f5197288233734bb2f819
测评,c7c806f3dc7f5197288233734bb2f819
叉车,3a5a32dfd37f683386a9e37f107a3ef2
箱子,3a5a32dfd37f683386a9e37f107a3ef2
FORTE,3a5a32dfd37f683386a9e37f107a3ef2
叉车的叉子部分,3a5a32dfd37f683386a9e37f107a3ef2
装卸,3a5a32dfd37f683386a9e37f107a3ef2
移动,3a5a32dfd37f683386a9e37f107a3ef2
装车,3a5a32dfd37f683386a9e37f107a3ef2
GOWEI 装柜,3a5a32dfd37f683386a9e37f107a3ef2
大型车间,9ebe64f4ce05a7819738af6960730c2d
电动车部件,9ebe64f4ce05a7819738af6960730c2d
电动车烤漆工艺流程,9ebe64f4ce05a7819738af6960730c2d
视频,9ebe64f4ce05a7819738af6960730c2d
女性,5c35c761a56a8e21d4471ade7d9e0c31
公园,5c35c761a56a8e21d4471ade7d9e0c31
自行车道,5c35c761a56a8e21d4471ade7d9e0c31
骑行,5c35c761a56a8e21d4471ade7d9e0c31
电动车,5c35c761a56a8e21d4471ade7d9e0c31
实际使用场景,5c35c761a56a8e21d4471ade7d9e0c31
骑行效果,5c35c761a56a8e21d4471ade7d9e0c31
GOWEI CP900电动两轮车,5c35c761a56a8e21d4471ade7d9e0c31
三轮车,b727bbf6ea7e38bd29bb4928315c4e27
饲料桶,b727bbf6ea7e38bd29bb4928315c4e27
农场动物,b727bbf6ea7e38bd29bb4928315c4e27
鹅,b727bbf6ea7e38bd29bb4928315c4e27
羊,b727bbf6ea7e38bd29bb4928315c4e27
美国用户,b727bbf6ea7e38bd29bb4928315c4e27
GOWEI电动三轮车,b727bbf6ea7e38bd29bb4928315c4e27
电动车,2c6172c0ea40104b778f439bac3c4893
后轮,2c6172c0ea40104b778f439bac3c4893
尾灯设计,2c6172c0ea40104b778f439bac3c4893
安全性,2c6172c0ea40104b778f439bac3c4893
美观的设计,2c6172c0ea40104b778f439bac3c4893
GOWEI 外卖车,2c6172c0ea40104b778f439bac3c4893
测评,2c6172c0ea40104b778f439bac3c4893
车辆的驾驶部分,37d8448cfd77b6b12f6f5319e45e60da
脚踏板,37d8448cfd77b6b12f6f5319e45e60da
内部机械结构,37d8448cfd77b6b12f6f5319e45e60da
脚刹,37d8448cfd77b6b12f6f5319e45e60da
电动启动装置,37d8448cfd77b6b12f6f5319e45e60da
部件,37d8448cfd77b6b12f6f5319e45e60da
良好的维护状态,37d8448cfd77b6b12f6f5319e45e60da
Vespa电动车,37d8448cfd77b6b12f6f5319e45e60da
高品质,37d8448cfd77b6b12f6f5319e45e60da
精细工艺,37d8448cfd77b6b12f6f5319e45e60da
蓝色的车身,37d8448cfd77b6b12f6f5319e45e60da
设计感,37d8448cfd77b6b12f6f5319e45e60da
外卖员,4951d93d5fb50aab1f1a196dbadbbd8e
市区道路,4951d93d5fb50aab1f1a196dbadbbd8e
骑行,4951d93d5fb50aab1f1a196dbadbbd8e
车辆,4951d93d5fb50aab1f1a196dbadbbd8e
城市交通,4951d93d5fb50aab1f1a196dbadbbd8e
实际应用,4951d93d5fb50aab1f1a196dbadbbd8e
GOWEI 外卖车,4951d93d5fb50aab1f1a196dbadbbd8e
测评,4951d93d5fb50aab1f1a196dbadbbd8e
女性,cfcf303790a5fdb014a9f724dc49a705
电动摩托车,cfcf303790a5fdb014a9f724dc49a705
时尚外观,cfcf303790a5fdb014a9f724dc49a705
设计,cfcf303790a5fdb014a9f724dc49a705
GOWEI CP900电动两轮车,cfcf303790a5fdb014a9f724dc49a705
手机,e42ec328047da5950e4828b6884c459b
外卖订单,e42ec328047da5950e4828b6884c459b
便利性,e42ec328047da5950e4828b6884c459b
GOWEI 外卖车,e42ec328047da5950e4828b6884c459b
测评,e42ec328047da5950e4828b6884c459b
工人,81371d873429025c8546163a0f625ecb
电动车,81371d873429025c8546163a0f625ecb
手工作业,81371d873429025c8546163a0f625ecb
装配工作,81371d873429025c8546163a0f625ecb
专注,81371d873429025c8546163a0f625ecb
细致,81371d873429025c8546163a0f625ecb
Vespa电动车工厂,81371d873429025c8546163a0f625ecb
外卖公司制服,10b8c2c30116ffae80672c7d1a8890c9
配送员,10b8c2c30116ffae80672c7d1a8890c9
手机,10b8c2c30116ffae80672c7d1a8890c9
接单,10b8c2c30116ffae80672c7d1a8890c9
配送信息,10b8c2c30116ffae80672c7d1a8890c9
GOWEI 外卖车,10b8c2c30116ffae80672c7d1a8890c9
测评,10b8c2c30116ffae80672c7d1a8890c9
工作人员,48094f463e05961c7706a7c2660d374d
电动车部件,48094f463e05961c7706a7c2660d374d
输送带,48094f463e05961c7706a7c2660d374d
电动车,48094f463e05961c7706a7c2660d374d
烤漆工艺流程,48094f463e05961c7706a7c2660d374d
视频,48094f463e05961c7706a7c2660d374d
电动摩托车,4e3ab56cf7bfede5211edd9643c9c00c
支撑脚架,4e3ab56cf7bfede5211edd9643c9c00c
设计,4e3ab56cf7bfede5211edd9643c9c00c
材质,4e3ab56cf7bfede5211edd9643c9c00c
GOWEI CP900电动两轮车,4e3ab56cf7bfede5211edd9643c9c00c
外卖配送员,33148617e09348a88973daad04b694ab
外卖车,33148617e09348a88973daad04b694ab
路上,33148617e09348a88973daad04b694ab
实用性,33148617e09348a88973daad04b694ab
城市道路,33148617e09348a88973daad04b694ab
灵活性,33148617e09348a88973daad04b694ab
GOWEI 外卖车测评,33148617e09348a88973daad04b694ab
烤漆完成后的部件冷却区,70799aeb6f90d6deb3aa11cbc3a9853e
部件,70799aeb6f90d6deb3aa11cbc3a9853e
特制架子,70799aeb6f90d6deb3aa11cbc3a9853e
自然冷却,70799aeb6f90d6deb3aa11cbc3a9853e
电动车烤漆工艺流程,70799aeb6f90d6deb3aa11cbc3a9853e
视频,70799aeb6f90d6deb3aa11cbc3a9853e
电动摩托车,09efa54db184de43e073dbc1ac9f4062
前轮,09efa54db184de43e073dbc1ac9f4062
CNC制动系统,09efa54db184de43e073dbc1ac9f4062
先进制动技术,09efa54db184de43e073dbc1ac9f4062
GOWEI CP900电动两轮车,09efa54db184de43e073dbc1ac9f4062
CNC制动系统,a38ac41b4a18c9a92edbf62061862648
前轮,a38ac41b4a18c9a92edbf62061862648
泥板,a38ac41b4a18c9a92edbf62061862648
车辆,a38ac41b4a18c9a92edbf62061862648
细节,a38ac41b4a18c9a92edbf62061862648
高品质制造,a38ac41b4a18c9a92edbf62061862648
GOWEI CP900电动两轮车,a38ac41b4a18c9a92edbf62061862648
三轮车,e9c63cb417e33a1066dce44299a3e583
农场,e9c63cb417e33a1066dce44299a3e583
机动性,e9c63cb417e33a1066dce44299a3e583
速度,e9c63cb417e33a1066dce44299a3e583
背景,e9c63cb417e33a1066dce44299a3e583
其他车辆,e9c63cb417e33a1066dce44299a3e583
动物,e9c63cb417e33a1066dce44299a3e583
美国用户评价,e9c63cb417e33a1066dce44299a3e583
GOWEI电动三轮车,e9c63cb417e33a1066dce44299a3e583
外卖配送员,c0bcf276ad9b870d410cb0099f120d69
安全头盔,c0bcf276ad9b870d410cb0099f120d69
外卖车,c0bcf276ad9b870d410cb0099f120d69
休息,c0bcf276ad9b870d410cb0099f120d69
等待订单,c0bcf276ad9b870d410cb0099f120d69
都市建筑,c0bcf276ad9b870d410cb0099f120d69
GOWEI 外卖车,c0bcf276ad9b870d410cb0099f120d69
测评,c0bcf276ad9b870d410cb0099f120d69
电动车,37227402167e99eb6e76413a83a471ba
手把部分,37227402167e99eb6e76413a83a471ba
CNC精工,37227402167e99eb6e76413a83a471ba
制动手柄,37227402167e99eb6e76413a83a471ba
离合器手柄,37227402167e99eb6e76413a83a471ba
高级的装备,37227402167e99eb6e76413a83a471ba
精细的工艺,37227402167e99eb6e76413a83a471ba
GOWEI CP900电动两轮车,37227402167e99eb6e76413a83a471ba
电动车,8f8c246657922699a19eaae1e22a1d00
前把,8f8c246657922699a19eaae1e22a1d00
显示面板区域,8f8c246657922699a19eaae1e22a1d00
现代设计,8f8c246657922699a19eaae1e22a1d00
流线型设计,8f8c246657922699a19eaae1e22a1d00
CNC标识,8f8c246657922699a19eaae1e22a1d00
独特造型,8f8c246657922699a19eaae1e22a1d00
GOWEI CP900电动两轮车,8f8c246657922699a19eaae1e22a1d00
三轮车,99501c664ebcb172a2bdaaa446ec30f2
车头,99501c664ebcb172a2bdaaa446ec30f2
座位,99501c664ebcb172a2bdaaa446ec30f2
设计细节,99501c664ebcb172a2bdaaa446ec30f2
结构,99501c664ebcb172a2bdaaa446ec30f2
美国用户,99501c664ebcb172a2bdaaa446ec30f2
GOWEI电动三轮车,99501c664ebcb172a2bdaaa446ec30f2
使用者,baecc31d73cae19e45538752e1021e0a
三轮车,baecc31d73cae19e45538752e1021e0a
保护装备,baecc31d73cae19e45538752e1021e0a
木质大门,baecc31d73cae19e45538752e1021e0a
使用环境,baecc31d73cae19e45538752e1021e0a
美国用户评价,baecc31d73cae19e45538752e1021e0a
GOWEI电动三轮车,baecc31d73cae19e45538752e1021e0a
电动车的尾部,21da0597e1ab6d697d0b2c6c577f420e
后轮,21da0597e1ab6d697d0b2c6c577f420e
传动系统,21da0597e1ab6d697d0b2c6c577f420e
坚固的尾架,21da0597e1ab6d697d0b2c6c577f420e
后减震装置,21da0597e1ab6d697d0b2c6c577f420e
GOWEI CP900电动两轮车,21da0597e1ab6d697d0b2c6c577f420e
工人,b2f4670ae10df36ee9b18b5daf423230
电动车,b2f4670ae10df36ee9b18b5daf423230
后轮,b2f4670ae10df36ee9b18b5daf423230
场景,b2f4670ae10df36ee9b18b5daf423230
技术,b2f4670ae10df36ee9b18b5daf423230
手工,b2f4670ae10df36ee9b18b5daf423230
车辆组装,b2f4670ae10df36ee9b18b5daf423230
具体环节,b2f4670ae10df36ee9b18b5daf423230
Vespa电动车工厂,b2f4670ae10df36ee9b18b5daf423230
整车远景,bb1e3bba192dc1a267db381d2d35941b
电动车,bb1e3bba192dc1a267db381d2d35941b
动感的车身贴纸,bb1e3bba192dc1a267db381d2d35941b
整体设计,bb1e3bba192dc1a267db381d2d35941b
GOWEI CP900电动两轮车,bb1e3bba192dc1a267db381d2d35941b
三轮车,4dbd0d49ab5efea18da0f0d993ed9ca5
家庭住址,4dbd0d49ab5efea18da0f0d993ed9ca5
个人交通工具,4dbd0d49ab5efea18da0f0d993ed9ca5
美国用户,4dbd0d49ab5efea18da0f0d993ed9ca5
GOWEI电动三轮车,4dbd0d49ab5efea18da0f0d993ed9ca5
用户评价,4dbd0d49ab5efea18da0f0d993ed9ca5
车辆前方远景,ab1de25016c556e8262ea9bd0af9fdfb
车辆,ab1de25016c556e8262ea9bd0af9fdfb
车头设计,ab1de25016c556e8262ea9bd0af9fdfb
美观造型,ab1de25016c556e8262ea9bd0af9fdfb
GOWEI CP900电动两轮车,ab1de25016c556e8262ea9bd0af9fdfb
工作人员,9b02ac5a4cf1e4dacc2e8439c7c32000
电动车部件,9b02ac5a4cf1e4dacc2e8439c7c32000
质量,9b02ac5a4cf1e4dacc2e8439c7c32000
电动车烤漆工艺流程,9b02ac5a4cf1e4dacc2e8439c7c32000
视频,9b02ac5a4cf1e4dacc2e8439c7c32000
烤漆,9b02ac5a4cf1e4dacc2e8439c7c32000
外卖车,551f6c306a6acea391fa1828b884c899
侧面,551f6c306a6acea391fa1828b884c899
动力装置,551f6c306a6acea391fa1828b884c899
品牌标志,551f6c306a6acea391fa1828b884c899
GO吉,551f6c306a6acea391fa1828b884c899
加速性能,551f6c306a6acea391fa1828b884c899
GOWEI 外卖车测评,551f6c306a6acea391fa1828b884c899
外卖车,f0481be3bd9f3867d42e3263d35ef27b
电机部分,f0481be3bd9f3867d42e3263d35ef27b
车架,f0481be3bd9f3867d42e3263d35ef27b
现代化技术,f0481be3bd9f3867d42e3263d35ef27b
结实的设计,f0481be3bd9f3867d42e3263d35ef27b
GOWEI,f0481be3bd9f3867d42e3263d35ef27b
外卖车测评,f0481be3bd9f3867d42e3263d35ef27b
全景的外卖车,b11f311bf83105e859d015f92dd9899c
前灯设计,b11f311bf83105e859d015f92dd9899c
整体造型,b11f311bf83105e859d015f92dd9899c
外卖车,b11f311bf83105e859d015f92dd9899c
设计美观,b11f311bf83105e859d015f92dd9899c
实用性,b11f311bf83105e859d015f92dd9899c
GOWEI 外卖车测评,b11f311bf83105e859d015f92dd9899c
外卖车,9b408c2e3aeb4425bc5d3879aec7df15
侧面全视图,9b408c2e3aeb4425bc5d3879aec7df15
整体设计,9b408c2e3aeb4425bc5d3879aec7df15
储物空间,9b408c2e3aeb4425bc5d3879aec7df15
GOWEI 外卖车,9b408c2e3aeb4425bc5d3879aec7df15
测评,9b408c2e3aeb4425bc5d3879aec7df15
网速快,207e3e1a1f5e47d6f8acd8841fefe752
外卖车型,207e3e1a1f5e47d6f8acd8841fefe752
高效率,207e3e1a1f5e47d6f8acd8841fefe752
快速响应,207e3e1a1f5e47d6f8acd8841fefe752
视频,207e3e1a1f5e47d6f8acd8841fefe752
标题画面,207e3e1a1f5e47d6f8acd8841fefe752
结束语,207e3e1a1f5e47d6f8acd8841fefe752
GOWEI 外卖车测评,207e3e1a1f5e47d6f8acd8841fefe752
工人,36cace27e9e8dfeb5c66f9333a789295
粉笔,36cace27e9e8dfeb5c66f9333a789295
电动车部件,36cace27e9e8dfeb5c66f9333a789295
标记,36cace27e9e8dfeb5c66f9333a789295
电动车烤漆工艺流程,36cace27e9e8dfeb5c66f9333a789295
视频,36cace27e9e8dfeb5c66f9333a789295
工作人员,3d22529442382fea3a765b19965e4bc1
大桌,3d22529442382fea3a765b19965e4bc1
电动车部件,3d22529442382fea3a765b19965e4bc1
电动车烤漆工艺流程,3d22529442382fea3a765b19965e4bc1
视频,3d22529442382fea3a765b19965e4bc1
女性,a8c810ccb4edaa179352646185ae58f4
头盔,a8c810ccb4edaa179352646185ae58f4
电动车,a8c810ccb4edaa179352646185ae58f4
安全准备,a8c810ccb4edaa179352646185ae58f4
GOWEI CP900电动两轮车,a8c810ccb4edaa179352646185ae58f4
女性,c0e0194ea3ae205183d37f905471ab96
头盔,c0e0194ea3ae205183d37f905471ab96
安全装备,c0e0194ea3ae205183d37f905471ab96
驾驶,c0e0194ea3ae205183d37f905471ab96
GOWEI CP900电动两轮车,c0e0194ea3ae205183d37f905471ab96
女性,2afeb4bc7c7fca596d0b47100cf023b3
电动车,2afeb4bc7c7fca596d0b47100cf023b3
风景优美的道路,2afeb4bc7c7fca596d0b47100cf023b3
电车,2afeb4bc7c7fca596d0b47100cf023b3
实际使用环境,2afeb4bc7c7fca596d0b47100cf023b3
操控感,2afeb4bc7c7fca596d0b47100cf023b3
GOWEI CP900电动两轮车,2afeb4bc7c7fca596d0b47100cf023b3
车轮,472b92999eaa21a9ae3df8fee4fb6caf
高速行驶,472b92999eaa21a9ae3df8fee4fb6caf
动态,472b92999eaa21a9ae3df8fee4fb6caf
车辆,472b92999eaa21a9ae3df8fee4fb6caf
性能,472b92999eaa21a9ae3df8fee4fb6caf
稳定性,472b92999eaa21a9ae3df8fee4fb6caf
GOWEI CP900电动两轮车,472b92999eaa21a9ae3df8fee4fb6caf
女性,852b3aeabb6133236d35a4471f6acf33
GOWEI CP900,852b3aeabb6133236d35a4471f6acf33
蓝色人行道,852b3aeabb6133236d35a4471f6acf33
树木,852b3aeabb6133236d35a4471f6acf33
天空,852b3aeabb6133236d35a4471f6acf33
电动两轮车,852b3aeabb6133236d35a4471f6acf33
女性,2d4f50d1ed3e88974efbcd0fcbf91bce
电动车,2d4f50d1ed3e88974efbcd0fcbf91bce
白色和金属拱门,2d4f50d1ed3e88974efbcd0fcbf91bce
绿化环境,2d4f50d1ed3e88974efbcd0fcbf91bce
步道,2d4f50d1ed3e88974efbcd0fcbf91bce
GOWEI CP900电动两轮车,2d4f50d1ed3e88974efbcd0fcbf91bce
女性驾驶者,4fedb679bb9e660c60787526e81e067d
涂鸦的城市桥,4fedb679bb9e660c60787526e81e067d
电动车,4fedb679bb9e660c60787526e81e067d
城市环境,4fedb679bb9e660c60787526e81e067d
GOWEI CP900电动两轮车,4fedb679bb9e660c60787526e81e067d
工作人员,04d4a08c19360c7c5fbfd1d9a0d60ca2
电动车部件,04d4a08c19360c7c5fbfd1d9a0d60ca2
蓝色的塑料箱,04d4a08c19360c7c5fbfd1d9a0d60ca2
电动车烤漆工艺流程,04d4a08c19360c7c5fbfd1d9a0d60ca2
视频,04d4a08c19360c7c5fbfd1d9a0d60ca2
电动车,1af18a51702a1e020d250f28c10a0aba
侧面特写,1af18a51702a1e020d250f28c10a0aba
背景,1af18a51702a1e020d250f28c10a0aba
高速行驶的快感,1af18a51702a1e020d250f28c10a0aba
流畅线条,1af18a51702a1e020d250f28c10a0aba
GOWEI CP900电动两轮车,1af18a51702a1e020d250f28c10a0aba
图片,eff0603254acc7bc74f7598f9b83bba7
男子,eff0603254acc7bc74f7598f9b83bba7
蓝色的电动三轮车,eff0603254acc7bc74f7598f9b83bba7
草帽,eff0603254acc7bc74f7598f9b83bba7
摄像头,eff0603254acc7bc74f7598f9b83bba7
动物,eff0603254acc7bc74f7598f9b83bba7
羊,eff0603254acc7bc74f7598f9b83bba7
开阔的天空,eff0603254acc7bc74f7598f9b83bba7
沙土地面,eff0603254acc7bc74f7598f9b83bba7
实用性,eff0603254acc7bc74f7598f9b83bba7
草地,eff0603254acc7bc74f7598f9b83bba7
户外,eff0603254acc7bc74f7598f9b83bba7
农村,eff0603254acc7bc74f7598f9b83bba7
荒野区域,eff0603254acc7bc74f7598f9b83bba7
美国用户,eff0603254acc7bc74f7598f9b83bba7
GOWEI电动三轮车,eff0603254acc7bc74f7598f9b83bba7
电动车,be914ecd408e7ed2b2695436b013e17c
侧面特写,be914ecd408e7ed2b2695436b013e17c
背景,be914ecd408e7ed2b2695436b013e17c
车辆,be914ecd408e7ed2b2695436b013e17c
行驶中的稳定性,be914ecd408e7ed2b2695436b013e17c
速度感,be914ecd408e7ed2b2695436b013e17c
GOWEI CP900电动两轮车,be914ecd408e7ed2b2695436b013e17c
电池装配区,62bde962cc846cae6eb3f19aae8c40cb
工人,62bde962cc846cae6eb3f19aae8c40cb
电池组,62bde962cc846cae6eb3f19aae8c40cb
电动车生产,62bde962cc846cae6eb3f19aae8c40cb
电池技术,62bde962cc846cae6eb3f19aae8c40cb
Vespa电动车工厂,62bde962cc846cae6eb3f19aae8c40cb
电动车前部,6723c88f5566a37762bd4ed6c759f7bf
车牌特写,6723c88f5566a37762bd4ed6c759f7bf
12辆4000W的极速版,6723c88f5566a37762bd4ed6c759f7bf
车辆的型号,6723c88f5566a37762bd4ed6c759f7bf
高性能,6723c88f5566a37762bd4ed6c759f7bf
GOWEI CP900电动两轮车,6723c88f5566a37762bd4ed6c759f7bf
电动车刹车系统,9365e49d3860c6d30b4deb2ce59b4293
制动技术,9365e49d3860c6d30b4deb2ce59b4293
制动盘,9365e49d3860c6d30b4deb2ce59b4293
驾驶安全性,9365e49d3860c6d30b4deb2ce59b4293
GOWEI CP900电动两轮车,9365e49d3860c6d30b4deb2ce59b4293
工作人员,8167ae165be6dd9a14fbca54aff54245
最终质检,8167ae165be6dd9a14fbca54aff54245
部件,8167ae165be6dd9a14fbca54aff54245
包装,8167ae165be6dd9a14fbca54aff54245
出货,8167ae165be6dd9a14fbca54aff54245
电动车烤漆工艺流程,8167ae165be6dd9a14fbca54aff54245
视频,8167ae165be6dd9a14fbca54aff54245
电动车,75fece4ae33c8a497b389d4855104090
特写,75fece4ae33c8a497b389d4855104090
驾驶者,75fece4ae33c8a497b389d4855104090
满意的表情,75fece4ae33c8a497b389d4855104090
背景,75fece4ae33c8a497b389d4855104090
绿色植被,75fece4ae33c8a497b389d4855104090
驾驶的愉悦感,75fece4ae33c8a497b389d4855104090
GOWEI CP900电动两轮车,75fece4ae33c8a497b389d4855104090
女性驾驶者,00934d657add2b2c9743f959f7491b5c
蓝色人行道,00934d657add2b2c9743f959f7491b5c
景色,00934d657add2b2c9743f959f7491b5c
电动车,00934d657add2b2c9743f959f7491b5c
休闲环境,00934d657add2b2c9743f959f7491b5c
通勤环境,00934d657add2b2c9743f959f7491b5c
GOWEI CP900电动两轮车,00934d657add2b2c9743f959f7491b5c
仓库,d0a63c90993e0342f7b41e3c96580458
电动车,d0a63c90993e0342f7b41e3c96580458
出货,d0a63c90993e0342f7b41e3c96580458
大规模生产,d0a63c90993e0342f7b41e3c96580458
Vespa电动车工厂,d0a63c90993e0342f7b41e3c96580458
已完成电动车,d0a63c90993e0342f7b41e3c96580458
排列整齐,d0a63c90993e0342f7b41e3c96580458
准备,d0a63c90993e0342f7b41e3c96580458
电动车,d547b37c9a767f6703c96d2a858b8857
前轮,d547b37c9a767f6703c96d2a858b8857
刹车系统,d547b37c9a767f6703c96d2a858b8857
320mm大尺寸碟刹片,d547b37c9a767f6703c96d2a858b8857
刹车卡钳,d547b37c9a767f6703c96d2a858b8857
安全性,d547b37c9a767f6703c96d2a858b8857
性能,d547b37c9a767f6703c96d2a858b8857
GOWEI CP900电动两轮车,d547b37c9a767f6703c96d2a858b8857
电动车,b7da0e223f5ad1a94b336b015f370d3e
后轮,b7da0e223f5ad1a94b336b015f370d3e
刹车系统,b7da0e223f5ad1a94b336b015f370d3e
320mm大尺寸碟刹片,b7da0e223f5ad1a94b336b015f370d3e
刹车性能,b7da0e223f5ad1a94b336b015f370d3e
GOWEI CP900电动两轮车,b7da0e223f5ad1a94b336b015f370d3e
细节图,39cd9d395822f46f8f21700091b372af
电动车,39cd9d395822f46f8f21700091b372af
后轮,39cd9d395822f46f8f21700091b372af
减震器,39cd9d395822f46f8f21700091b372af
设计图案,39cd9d395822f46f8f21700091b372af
碟刹片,39cd9d395822f46f8f21700091b372af
220mm,39cd9d395822f46f8f21700091b372af
制动能力,39cd9d395822f46f8f21700091b372af
GOWEI CP900电动两轮车,39cd9d395822f46f8f21700091b372af
后轮220mm碟刹片,8bd7308a61a94862fc4abf1264ce35f3
金色的卡钳,8bd7308a61a94862fc4abf1264ce35f3
时尚的配色,8bd7308a61a94862fc4abf1264ce35f3
设计,8bd7308a61a94862fc4abf1264ce35f3
GOWEI CP900电动两轮车,8bd7308a61a94862fc4abf1264ce35f3
车库场景,ee466bd51ba39000bcfc6b44b0d56e3d
电动车,ee466bd51ba39000bcfc6b44b0d56e3d
检查,ee466bd51ba39000bcfc6b44b0d56e3d
出货,ee466bd51ba39000bcfc6b44b0d56e3d
光线,ee466bd51ba39000bcfc6b44b0d56e3d
仓库尽头,ee466bd51ba39000bcfc6b44b0d56e3d
视觉的深度,ee466bd51ba39000bcfc6b44b0d56e3d
引导,ee466bd51ba39000bcfc6b44b0d56e3d
Vespa电动车工厂,ee466bd51ba39000bcfc6b44b0d56e3d
穿着头盔和骑行装备的人,1e16e82780d67bb1aac8f46f0272069d
电动车,1e16e82780d67bb1aac8f46f0272069d
绿色的巷道,1e16e82780d67bb1aac8f46f0272069d
实用场景,1e16e82780d67bb1aac8f46f0272069d
操作者的安全措施,1e16e82780d67bb1aac8f46f0272069d
GOWEI CP900电动两轮车,1e16e82780d67bb1aac8f46f0272069d
电动车前灯设计,027541f46814d0a7e009632306d9906f
现代感灯具设计,027541f46814d0a7e009632306d9906f
照明性能,027541f46814d0a7e009632306d9906f
GOWEI CP900电动两轮车,027541f46814d0a7e009632306d9906f
前轮,45b3dfa0f7d9d64e4ed7a63b1cd61e30
高精度CNC铝制减震,45b3dfa0f7d9d64e4ed7a63b1cd61e30
电动车,45b3dfa0f7d9d64e4ed7a63b1cd61e30
舒适性,45b3dfa0f7d9d64e4ed7a63b1cd61e30
稳定性,45b3dfa0f7d9d64e4ed7a63b1cd61e30
GOWEI CP900电动两轮车,45b3dfa0f7d9d64e4ed7a63b1cd61e30
电动车,06340e665883891639d2c10595f504be
后轮减震器,06340e665883891639d2c10595f504be
轮辋,06340e665883891639d2c10595f504be
X型的强化设计,06340e665883891639d2c10595f504be
减震功能,06340e665883891639d2c10595f504be
稳定性,06340e665883891639d2c10595f504be
耐用性,06340e665883891639d2c10595f504be
GOWEI CP900电动两轮车,06340e665883891639d2c10595f504be
后轮的减震设计,39561581d6fe1c0d8cef5e5be6f26624
轮辋,39561581d6fe1c0d8cef5e5be6f26624
高性能的减震,39561581d6fe1c0d8cef5e5be6f26624
支撑能力,39561581d6fe1c0d8cef5e5be6f26624
GOWEI CP900电动两轮车,39561581d6fe1c0d8cef5e5be6f26624
电动车,4af476dc493973608ec88441a75946be
存储区域,4af476dc493973608ec88441a75946be
成排的电动车,4af476dc493973608ec88441a75946be
工厂内部,4af476dc493973608ec88441a75946be
设施,4af476dc493973608ec88441a75946be
宽敞明亮,4af476dc493973608ec88441a75946be
高效的存储和管理系统,4af476dc493973608ec88441a75946be
Vespa电动车工厂,4af476dc493973608ec88441a75946be
电动车,3b6d15f80ea5427e0daed207a366307c
现代风格拱门,3b6d15f80ea5427e0daed207a366307c
城市自行车道,3b6d15f80ea5427e0daed207a366307c
城市高楼,3b6d15f80ea5427e0daed207a366307c
城市环境,3b6d15f80ea5427e0daed207a366307c
GOWEI CP900电动两轮车,3b6d15f80ea5427e0daed207a366307c
蓝色工业电动车,fc74e35b1b28de6a0ae9ee28a63d8819
工厂,fc74e35b1b28de6a0ae9ee28a63d8819
多样化产品线,fc74e35b1b28de6a0ae9ee28a63d8819
高产量能力,fc74e35b1b28de6a0ae9ee28a63d8819
Vespa电动车工厂,fc74e35b1b28de6a0ae9ee28a63d8819
驾驶者,3bbafb62bdd87138b231abf012afbff5
全套安全装备,3bbafb62bdd87138b231abf012afbff5
头盔,3bbafb62bdd87138b231abf012afbff5
桥,3bbafb62bdd87138b231abf012afbff5
电动车,3bbafb62bdd87138b231abf012afbff5
稳定性,3bbafb62bdd87138b231abf012afbff5
路面,3bbafb62bdd87138b231abf012afbff5
GOWEI CP900电动两轮车,3bbafb62bdd87138b231abf012afbff5
红色电动车,767cea343ba88a27b143380fd869fcd2
蓝色电动车,767cea343ba88a27b143380fd869fcd2
电子显示屏,767cea343ba88a27b143380fd869fcd2
产品信息,767cea343ba88a27b143380fd869fcd2
导航辅助,767cea343ba88a27b143380fd869fcd2
Vespa电动车工厂,767cea343ba88a27b143380fd869fcd2
年轻女性,2385e60c19134b74c28338e998a61556
电动车,2385e60c19134b74c28338e998a61556
手势动作,2385e60c19134b74c28338e998a61556
讲解,2385e60c19134b74c28338e998a61556
电动车的特点,2385e60c19134b74c28338e998a61556
操作方法,2385e60c19134b74c28338e998a61556
营销展示,2385e60c19134b74c28338e998a61556
GOWEI CP900电动两轮车,2385e60c19134b74c28338e998a61556
摩托车,05d6d8849dc7b366956f179373d06557
电动车,05d6d8849dc7b366956f179373d06557
地面,05d6d8849dc7b366956f179373d06557
干净整洁,05d6d8849dc7b366956f179373d06557
光线充足,05d6d8849dc7b366956f179373d06557
企业,05d6d8849dc7b366956f179373d06557
产品展示,05d6d8849dc7b366956f179373d06557
Vespa电动车工厂,05d6d8849dc7b366956f179373d06557
电动车头部,dbc8c728d9e66b87a7e15e9b758ba45c
车型标志,dbc8c728d9e66b87a7e15e9b758ba45c
设计细节,dbc8c728d9e66b87a7e15e9b758ba45c
品牌识别,dbc8c728d9e66b87a7e15e9b758ba45c
现代感,dbc8c728d9e66b87a7e15e9b758ba45c
GOWEI CP900电动两轮车,dbc8c728d9e66b87a7e15e9b758ba45c
座椅特写,0a545e8e40a0e8a1307b411471c13ed5
舒适设计,0a545e8e40a0e8a1307b411471c13ed5
材质,0a545e8e40a0e8a1307b411471c13ed5
乘坐的舒适性,0a545e8e40a0e8a1307b411471c13ed5
GOWEI CP900电动两轮车,0a545e8e40a0e8a1307b411471c13ed5
现代化展厅中心,c7c374b452238ae1ef4d51c60d3bf0e1
电动车,c7c374b452238ae1ef4d51c60d3bf0e1
圆形展示台,c7c374b452238ae1ef4d51c60d3bf0e1
其他款式的电动车,c7c374b452238ae1ef4d51c60d3bf0e1
工厂,c7c374b452238ae1ef4d51c60d3bf0e1
设计,c7c374b452238ae1ef4d51c60d3bf0e1
技术水平,c7c374b452238ae1ef4d51c60d3bf0e1
Vespa电动车工厂,c7c374b452238ae1ef4d51c60d3bf0e1
动态侧面视角,982109cfd91f88b2f739d051015cde8e
电动车,982109cfd91f88b2f739d051015cde8e
公园,982109cfd91f88b2f739d051015cde8e
户外环境,982109cfd91f88b2f739d051015cde8e
行驶表现,982109cfd91f88b2f739d051015cde8e
休闲环境,982109cfd91f88b2f739d051015cde8e
GOWEI CP900电动两轮车,982109cfd91f88b2f739d051015cde8e
电动车,6b023ca0b0305d9025c708ec253d5228
前部设计,6b023ca0b0305d9025c708ec253d5228
地面的接触情况,6b023ca0b0305d9025c708ec253d5228
稳定性,6b023ca0b0305d9025c708ec253d5228
设计美感,6b023ca0b0305d9025c708ec253d5228
GOWEI CP900电动两轮车,6b023ca0b0305d9025c708ec253d5228
电动车,400b4ee989a03b4484f7260117a2ab80
模糊景象,400b4ee989a03b4484f7260117a2ab80
速度感,400b4ee989a03b4484f7260117a2ab80
操控性,400b4ee989a03b4484f7260117a2ab80
GOWEI CP900电动两轮车,400b4ee989a03b4484f7260117a2ab80
摩托车把手,dfb2ee97203555fd35c6a9e4d27a3df2
操控系统,dfb2ee97203555fd35c6a9e4d27a3df2
启动按钮,dfb2ee97203555fd35c6a9e4d27a3df2
停止按钮,dfb2ee97203555fd35c6a9e4d27a3df2
操控的简单性,dfb2ee97203555fd35c6a9e4d27a3df2
操控的直观性,dfb2ee97203555fd35c6a9e4d27a3df2
GOWEI CP900电动两轮车,dfb2ee97203555fd35c6a9e4d27a3df2
电动两轮车,db1d86ef9dabec971c0bea9579f5e54e
存储箱,db1d86ef9dabec971c0bea9579f5e54e
内部细节,db1d86ef9dabec971c0bea9579f5e54e
通电按钮,db1d86ef9dabec971c0bea9579f5e54e
GOWEI CP900电动两轮车,db1d86ef9dabec971c0bea9579f5e54e
电动车,c1e632d19e951f917cc574e3113b5d87
正面设计,c1e632d19e951f917cc574e3113b5d87
侧面设计,c1e632d19e951f917cc574e3113b5d87
USB充电端口,c1e632d19e951f917cc574e3113b5d87
便利功能,c1e632d19e951f917cc574e3113b5d87
GOWEI CP900电动两轮车,c1e632d19e951f917cc574e3113b5d87
女主角,ac96eea42b66781176d1cf28d873ff84
电动车,ac96eea42b66781176d1cf28d873ff84
车辆,ac96eea42b66781176d1cf28d873ff84
人物,ac96eea42b66781176d1cf28d873ff84
协调,ac96eea42b66781176d1cf28d873ff84
时尚外观,ac96eea42b66781176d1cf28d873ff84
GOWEI CP900电动两轮车,ac96eea42b66781176d1cf28d873ff84
白色环境,72f47bcae476ecc6f02ad8acc7d64cca
电动车,72f47bcae476ecc6f02ad8acc7d64cca
经典款电动车,72f47bcae476ecc6f02ad8acc7d64cca
现代款电动车,72f47bcae476ecc6f02ad8acc7d64cca
企业,72f47bcae476ecc6f02ad8acc7d64cca
广泛产品系列,72f47bcae476ecc6f02ad8acc7d64cca
Vespa电动车工厂,72f47bcae476ecc6f02ad8acc7d64cca
女主角,c2d9d9f82e3270a161dc1c062774a090
骑行,c2d9d9f82e3270a161dc1c062774a090
绿意盎然的公园小径,c2d9d9f82e3270a161dc1c062774a090
电动车,c2d9d9f82e3270a161dc1c062774a090
户外环境,c2d9d9f82e3270a161dc1c062774a090
使用场景,c2d9d9f82e3270a161dc1c062774a090
GOWEI CP900电动两轮车,c2d9d9f82e3270a161dc1c062774a090
女主角,d445bfa25b5657f005184fb48a674b15
电动车,d445bfa25b5657f005184fb48a674b15
骑行,d445bfa25b5657f005184fb48a674b15
动态感,d445bfa25b5657f005184fb48a674b15
轻便性,d445bfa25b5657f005184fb48a674b15
GOWEI CP900电动两轮车,d445bfa25b5657f005184fb48a674b15
多色系列的摩托车,e7137ad6097f827baa4ca0c10d518c41
紫色,e7137ad6097f827baa4ca0c10d518c41
黑色,e7137ad6097f827baa4ca0c10d518c41
摆放精致,e7137ad6097f827baa4ca0c10d518c41
产品的多样性,e7137ad6097f827baa4ca0c10d518c41
时尚感,e7137ad6097f827baa4ca0c10d518c41
Vespa电动车工厂,e7137ad6097f827baa4ca0c10d518c41
女主角,38d9b2b1da55382b890b71cec688a8e0
电动车,38d9b2b1da55382b890b71cec688a8e0
自然公园,38d9b2b1da55382b890b71cec688a8e0
GOWEI CP900电动两轮车,38d9b2b1da55382b890b71cec688a8e0
电动车,8df66c3b0183ab71f8cfb7ffe9522862
用户,8df66c3b0183ab71f8cfb7ffe9522862
互动,8df66c3b0183ab71f8cfb7ffe9522862
日常生活,8df66c3b0183ab71f8cfb7ffe9522862
应用,8df66c3b0183ab71f8cfb7ffe9522862
便携性,8df66c3b0183ab71f8cfb7ffe9522862
GOWEI CP900电动两轮车,8df66c3b0183ab71f8cfb7ffe9522862
高性能的摩托车,94c1e0a8cdc4f43d62dc8747e76b4806
性能爱好者,94c1e0a8cdc4f43d62dc8747e76b4806
高端产品,94c1e0a8cdc4f43d62dc8747e76b4806
工厂,94c1e0a8cdc4f43d62dc8747e76b4806
技术制造能力,94c1e0a8cdc4f43d62dc8747e76b4806
Vespa电动车工厂,94c1e0a8cdc4f43d62dc8747e76b4806
电动滑板车,905833ed66303fd423fa900e7d399de1
颜色丰富,905833ed66303fd423fa900e7d399de1
设计简洁大方,905833ed66303fd423fa900e7d399de1
便捷性,905833ed66303fd423fa900e7d399de1
市场的年轻化趋势,905833ed66303fd423fa900e7d399de1
Vespa电动车工厂,905833ed66303fd423fa900e7d399de1
绿色的Vespa电动车,5076d283da75a0482eadb87a98dd401c
展示台,5076d283da75a0482eadb87a98dd401c
展示牌,5076d283da75a0482eadb87a98dd401c
特性,5076d283da75a0482eadb87a98dd401c
现代,5076d283da75a0482eadb87a98dd401c
专业,5076d283da75a0482eadb87a98dd401c
Vespa电动车工厂,5076d283da75a0482eadb87a98dd401c
黑色电动车摩托,74d5669acb60533049a7114091a97bbe
展示台,74d5669acb60533049a7114091a97bbe
工具,74d5669acb60533049a7114091a97bbe
设备,74d5669acb60533049a7114091a97bbe
产品,74d5669acb60533049a7114091a97bbe
维护,74d5669acb60533049a7114091a97bbe
实用性,74d5669acb60533049a7114091a97bbe
Vespa电动车工厂,74d5669acb60533049a7114091a97bbe
蓝色的三轮电动车,36a6ff7b1028283e483e6a760a5045f4
车型,36a6ff7b1028283e483e6a760a5045f4
载货,36a6ff7b1028283e483e6a760a5045f4
工业用途,36a6ff7b1028283e483e6a760a5045f4
Vespa电动车工厂,36a6ff7b1028283e483e6a760a5045f4
介绍,36a6ff7b1028283e483e6a760a5045f4
平坦宽敞的道路,194d375e1b8814e348c5bbf344f2c9c6
电动车,194d375e1b8814e348c5bbf344f2c9c6
实际使用环境,194d375e1b8814e348c5bbf344f2c9c6
Vespa电动车工厂,194d375e1b8814e348c5bbf344f2c9c6
介绍,194d375e1b8814e348c5bbf344f2c9c6
骑手,1ab3f7a7b97ef5536eb40f4e1876e52b
晴朗的日子,1ab3f7a7b97ef5536eb40f4e1876e52b
城市街道,1ab3f7a7b97ef5536eb40f4e1876e52b
电动车,1ab3f7a7b97ef5536eb40f4e1876e52b
户外,1ab3f7a7b97ef5536eb40f4e1876e52b
动态性能,1ab3f7a7b97ef5536eb40f4e1876e52b
Vespa电动车工厂,1ab3f7a7b97ef5536eb40f4e1876e52b
骑手,73493eeebe11baf05f1208b4f495630e
城市景观,73493eeebe11baf05f1208b4f495630e
电动车,73493eeebe11baf05f1208b4f495630e
适用性,73493eeebe11baf05f1208b4f495630e
便利性,73493eeebe11baf05f1208b4f495630e
Vespa电动车工厂,73493eeebe11baf05f1208b4f495630e
电动车骑手,3abad70221e960bf97ecd8e8b16ccfad
宽敞的街道,3abad70221e960bf97ecd8e8b16ccfad
电动车,3abad70221e960bf97ecd8e8b16ccfad
群行特性,3abad70221e960bf97ecd8e8b16ccfad
Vespa电动车工厂,3abad70221e960bf97ecd8e8b16ccfad
介绍,3abad70221e960bf97ecd8e8b16ccfad
电动车,d3bb7a891287d2cecbfdc46876917624
款式,d3bb7a891287d2cecbfdc46876917624
车型,d3bb7a891287d2cecbfdc46876917624
实际应用场景,d3bb7a891287d2cecbfdc46876917624
Vespa电动车工厂,d3bb7a891287d2cecbfdc46876917624
骑手,8fb27488d9aa8dd38e1a88a5cee676ba
头盔,8fb27488d9aa8dd38e1a88a5cee676ba
黑色现代电动车,8fb27488d9aa8dd38e1a88a5cee676ba
镜头,8fb27488d9aa8dd38e1a88a5cee676ba
友好,8fb27488d9aa8dd38e1a88a5cee676ba
亲和力,8fb27488d9aa8dd38e1a88a5cee676ba
Vespa电动车工厂,8fb27488d9aa8dd38e1a88a5cee676ba
介绍,8fb27488d9aa8dd38e1a88a5cee676ba
现代化的室内环境,2b4c818355e09cff89954137187a5652
干净设计,2b4c818355e09cff89954137187a5652
简洁设计,2b4c818355e09cff89954137187a5652
白色,2b4c818355e09cff89954137187a5652
圆形拱门结构,2b4c818355e09cff89954137187a5652
未来感,2b4c818355e09cff89954137187a5652
科技感,2b4c818355e09cff89954137187a5652
GOVEI标志,2b4c818355e09cff89954137187a5652
品牌,2b4c818355e09cff89954137187a5652
公司,2b4c818355e09cff89954137187a5652
展示厅,2b4c818355e09cff89954137187a5652
接待区,2b4c818355e09cff89954137187a5652
展示产品,2b4c818355e09cff89954137187a5652
接待访客,2b4c818355e09cff89954137187a5652
Vespa电动车工厂,2b4c818355e09cff89954137187a5652
视频,2b4c818355e09cff89954137187a5652
场景,2b4c818355e09cff89954137187a5652
图片,c4f0e3285418d80d61e81587bcda960b
GOWEI电动,c4f0e3285418d80d61e81587bcda960b
现代化工厂大楼,c4f0e3285418d80d61e81587bcda960b
建筑,c4f0e3285418d80d61e81587bcda960b
大楼,c4f0e3285418d80d61e81587bcda960b
通道,c4f0e3285418d80d61e81587bcda960b
遮阳设施,c4f0e3285418d80d61e81587bcda960b
货物,c4f0e3285418d80d61e81587bcda960b
蓝色和白色堆栈式包装箱,c4f0e3285418d80d61e81587bcda960b
工厂外观,c4f0e3285418d80d61e81587bcda960b
维护良好,c4f0e3285418d80d61e81587bcda960b
电动两轮车,c4f0e3285418d80d61e81587bcda960b
电动三轮车,c4f0e3285418d80d61e81587bcda960b
生产活动,c4f0e3285418d80d61e81587bcda960b
天空,c4f0e3285418d80d61e81587bcda960b
工业生产环境,c4f0e3285418d80d61e81587bcda960b
GOWEI电动两轮车和电动三轮车生产工厂,c4f0e3285418d80d61e81587bcda960b
照片,59ba7e96de25bcc2f458392a1528858b
大型的工业建筑,59ba7e96de25bcc2f458392a1528858b
GOWEI科技园,59ba7e96de25bcc2f458392a1528858b
蓝灰色的多层建筑,59ba7e96de25bcc2f458392a1528858b
清晰的日子,59ba7e96de25bcc2f458392a1528858b
阳光充足的日子,59ba7e96de25bcc2f458392a1528858b
装饰性的岩石花园,59ba7e96de25bcc2f458392a1528858b
绿色的草坪,59ba7e96de25bcc2f458392a1528858b
生产电动三轮车的工厂,59ba7e96de25bcc2f458392a1528858b
入口前,59ba7e96de25bcc2f458392a1528858b
放行标志,59ba7e96de25bcc2f458392a1528858b
栅栏,59ba7e96de25bcc2f458392a1528858b
受限的区域,59ba7e96de25bcc2f458392a1528858b
GOWEI电动三轮车制造车间,59ba7e96de25bcc2f458392a1528858b
Jiangsu GOWEI Motors Co. Ltd,58aa2c6d6674bc0bab72137bc6285bfd
主入口,58aa2c6d6674bc0bab72137bc6285bfd
现代风格的四层建筑,58aa2c6d6674bc0bab72137bc6285bfd
黑色石碑,58aa2c6d6674bc0bab72137bc6285bfd
江苏国威汽车有限公司,58aa2c6d6674bc0bab72137bc6285bfd
红色的花朵,58aa2c6d6674bc0bab72137bc6285bfd
绿色植被,58aa2c6d6674bc0bab72137bc6285bfd
三面旗帜,58aa2c6d6674bc0bab72137bc6285bfd
晴朗的天气,58aa2c6d6674bc0bab72137bc6285bfd
艳阳高照,58aa2c6d6674bc0bab72137bc6285bfd
宁静而庄严的场景,58aa2c6d6674bc0bab72137bc6285bfd
GOWEI公司大门形象,58aa2c6d6674bc0bab72137bc6285bfd
GOWEI电动两轮车展厅,dfaf047ecd6ed543567003f50e3ce8db
照片,dfaf047ecd6ed543567003f50e3ce8db
环境,dfaf047ecd6ed543567003f50e3ce8db
现代,dfaf047ecd6ed543567003f50e3ce8db
庄严,dfaf047ecd6ed543567003f50e3ce8db
布置,dfaf047ecd6ed543567003f50e3ce8db
整齐划一,dfaf047ecd6ed543567003f50e3ce8db
电动两轮车,dfaf047ecd6ed543567003f50e3ce8db
展示区,dfaf047ecd6ed543567003f50e3ce8db
展示台,dfaf047ecd6ed543567003f50e3ce8db
特色,dfaf047ecd6ed543567003f50e3ce8db
背景幕墙,dfaf047ecd6ed543567003f50e3ce8db
企业宣传语,dfaf047ecd6ed543567003f50e3ce8db
图案,dfaf047ecd6ed543567003f50e3ce8db
场景,dfaf047ecd6ed543567003f50e3ce8db
专业,dfaf047ecd6ed543567003f50e3ce8db
图片,141a0bc1f81be834b1ac87400bae0d8b
GOWEI品牌,141a0bc1f81be834b1ac87400bae0d8b
电动两轮车,141a0bc1f81be834b1ac87400bae0d8b
展厅,141a0bc1f81be834b1ac87400bae0d8b
装潢,141a0bc1f81be834b1ac87400bae0d8b
灰色窗帘,141a0bc1f81be834b1ac87400bae0d8b
地面,141a0bc1f81be834b1ac87400bae0d8b
光滑发亮,141a0bc1f81be834b1ac87400bae0d8b
电动车颜色,141a0bc1f81be834b1ac87400bae0d8b
黑白色,141a0bc1f81be834b1ac87400bae0d8b
红色,141a0bc1f81be834b1ac87400bae0d8b
蓝色,141a0bc1f81be834b1ac87400bae0d8b
型号,141a0bc1f81be834b1ac87400bae0d8b
顾客,141a0bc1f81be834b1ac87400bae0d8b
介绍材料,141a0bc1f81be834b1ac87400bae0d8b
广告牌,141a0bc1f81be834b1ac87400bae0d8b
详细信息,141a0bc1f81be834b1ac87400bae0d8b
技术规格,141a0bc1f81be834b1ac87400bae0d8b
专业,141a0bc1f81be834b1ac87400bae0d8b
精心布置,141a0bc1f81be834b1ac87400bae0d8b
电动车展示空间,141a0bc1f81be834b1ac87400bae0d8b
GOWEI电动两轮车展厅,141a0bc1f81be834b1ac87400bae0d8b
GOWEI品牌电动两轮车,5064118ecf70d7c5beab600692c094b4
展厅内部照片,5064118ecf70d7c5beab600692c094b4
电动摩托车,5064118ecf70d7c5beab600692c094b4
电动踏板车,5064118ecf70d7c5beab600692c094b4
光滑的白色地面,5064118ecf70d7c5beab600692c094b4
说明牌,5064118ecf70d7c5beab600692c094b4
相关信息,5064118ecf70d7c5beab600692c094b4
大型广告牌,5064118ecf70d7c5beab600692c094b4
GOWEI 引导时尚,5064118ecf70d7c5beab600692c094b4
电动性能的极致体验,5064118ecf70d7c5beab600692c094b4
现代商业环境,5064118ecf70d7c5beab600692c094b4
GOWEI电动两轮车展厅,5064118ecf70d7c5beab600692c094b4
GOWEI品牌电动三轮车,d6a8fb2846bf88d481c193fe5472efaa
展厅内部照片,d6a8fb2846bf88d481c193fe5472efaa
展厅,d6a8fb2846bf88d481c193fe5472efaa
多款电动三轮车,d6a8fb2846bf88d481c193fe5472efaa
载货型号,d6a8fb2846bf88d481c193fe5472efaa
载人型号,d6a8fb2846bf88d481c193fe5472efaa
绿色,d6a8fb2846bf88d481c193fe5472efaa
蓝色,d6a8fb2846bf88d481c193fe5472efaa
现代简洁装修,d6a8fb2846bf88d481c193fe5472efaa
长条形灯具,d6a8fb2846bf88d481c193fe5472efaa
浅灰色墙壁,d6a8fb2846bf88d481c193fe5472efaa
深灰色地砖,d6a8fb2846bf88d481c193fe5472efaa
展示台,d6a8fb2846bf88d481c193fe5472efaa
架子,d6a8fb2846bf88d481c193fe5472efaa
信息板,d6a8fb2846bf88d481c193fe5472efaa
电动车配件,d6a8fb2846bf88d481c193fe5472efaa
资料,d6a8fb2846bf88d481c193fe5472efaa
专业电动三轮车销售环境,d6a8fb2846bf88d481c193fe5472efaa
GOWEI电动三轮车展厅,d6a8fb2846bf88d481c193fe5472efaa
蓝色电动三轮车,393d99f57b402af2d1ead9f5b3aef427
图片,393d99f57b402af2d1ead9f5b3aef427
车型,393d99f57b402af2d1ead9f5b3aef427
GOWEI,393d99f57b402af2d1ead9f5b3aef427
EEC认证,393d99f57b402af2d1ead9f5b3aef427
大型蓝色货箱,393d99f57b402af2d1ead9f5b3aef427
运输货物,393d99f57b402af2d1ead9f5b3aef427
设计结构,393d99f57b402af2d1ead9f5b3aef427
坚固,393d99f57b402af2d1ead9f5b3aef427
多种路况,393d99f57b402af2d1ead9f5b3aef427
摩托车式的驾驶座,393d99f57b402af2d1ead9f5b3aef427
GOWEI EEC认证电动三轮车,393d99f57b402af2d1ead9f5b3aef427
蓝色的电动三轮车,61eb4a5cc7b7e22392d53d50a2e002e9
GOWEI,61eb4a5cc7b7e22392d53d50a2e002e9
EEC认证,61eb4a5cc7b7e22392d53d50a2e002e9
三轮车前部,61eb4a5cc7b7e22392d53d50a2e002e9
摩托车,61eb4a5cc7b7e22392d53d50a2e002e9
灯光,61eb4a5cc7b7e22392d53d50a2e002e9
前保险杠,61eb4a5cc7b7e22392d53d50a2e002e9
后部,61eb4a5cc7b7e22392d53d50a2e002e9
货物载体,61eb4a5cc7b7e22392d53d50a2e002e9
侧面,61eb4a5cc7b7e22392d53d50a2e002e9
折叠的栅栏,61eb4a5cc7b7e22392d53d50a2e002e9
运输各种货物,61eb4a5cc7b7e22392d53d50a2e002e9
整体构造,61eb4a5cc7b7e22392d53d50a2e002e9
坚固,61eb4a5cc7b7e22392d53d50a2e002e9
载货效率,61eb4a5cc7b7e22392d53d50a2e002e9
驾驶安全,61eb4a5cc7b7e22392d53d50a2e002e9
GOWEI EEC认证电动三轮车,61eb4a5cc7b7e22392d53d50a2e002e9
蓝色的GOWEI品牌电动三轮车,bc246631c6df02a72294376d1bde2102
EEC认证,bc246631c6df02a72294376d1bde2102
载货设计,bc246631c6df02a72294376d1bde2102
三轮车的后斗,bc246631c6df02a72294376d1bde2102
倾倒,bc246631c6df02a72294376d1bde2102
装卸货物,bc246631c6df02a72294376d1bde2102
整体设计,bc246631c6df02a72294376d1bde2102
紧凑,bc246631c6df02a72294376d1bde2102
实用,bc246631c6df02a72294376d1bde2102
商业用途,bc246631c6df02a72294376d1bde2102
GOWEI EEC认证电动三轮车,bc246631c6df02a72294376d1bde2102
图片,f1b7a3a6e666864b3f5565881f2c08fb
蓝色的GOWEI牌电动三轮车,f1b7a3a6e666864b3f5565881f2c08fb
前视角,f1b7a3a6e666864b3f5565881f2c08fb
大型的前承载箱,f1b7a3a6e666864b3f5565881f2c08fb
品牌标志,f1b7a3a6e666864b3f5565881f2c08fb
GOWEI字样,f1b7a3a6e666864b3f5565881f2c08fb
前大灯,f1b7a3a6e666864b3f5565881f2c08fb
仪表盘,f1b7a3a6e666864b3f5565881f2c08fb
整体造型现代,f1b7a3a6e666864b3f5565881f2c08fb
货运或小型运输任务,f1b7a3a6e666864b3f5565881f2c08fb
GOWEI EEC认证电动三轮车,f1b7a3a6e666864b3f5565881f2c08fb
GOWEI工厂,cc13d39da2c091de35b55f01c4794ee0
客户,cc13d39da2c091de35b55f01c4794ee0
蓝色的电动三轮车,cc13d39da2c091de35b55f01c4794ee0
工厂的一部分,cc13d39da2c091de35b55f01c4794ee0
环境,cc13d39da2c091de35b55f01c4794ee0
试驾,cc13d39da2c091de35b55f01c4794ee0
驾驶,cc13d39da2c091de35b55f01c4794ee0
观察,cc13d39da2c091de35b55f01c4794ee0
指导,cc13d39da2c091de35b55f01c4794ee0
操作感受,cc13d39da2c091de35b55f01c4794ee0
实地体验,cc13d39da2c091de35b55f01c4794ee0
GOWEI电动三轮车,cc13d39da2c091de35b55f01c4794ee0
照片,6e55244068833a1baa53a870a45de67b
男士,6e55244068833a1baa53a870a45de67b
GOWEI工厂,6e55244068833a1baa53a870a45de67b
户外空间,6e55244068833a1baa53a870a45de67b
电动三轮车,6e55244068833a1baa53a870a45de67b
试驾活动,6e55244068833a1baa53a870a45de67b
操作车辆,6e55244068833a1baa53a870a45de67b
交谈,6e55244068833a1baa53a870a45de67b
指导,6e55244068833a1baa53a870a45de67b
工厂建筑,6e55244068833a1baa53a870a45de67b
天气晴朗,6e55244068833a1baa53a870a45de67b
整洁环境,6e55244068833a1baa53a870a45de67b
产品展示,6e55244068833a1baa53a870a45de67b
客户体验,6e55244068833a1baa53a870a45de67b
GOWEI电动三轮车,6e55244068833a1baa53a870a45de67b
图片,2fb8c2ef75fa8def8e04d862957e3c9d
GOWEI品牌,2fb8c2ef75fa8def8e04d862957e3c9d
不锈钢电动三轮车,2fb8c2ef75fa8def8e04d862957e3c9d
城市街道,2fb8c2ef75fa8def8e04d862957e3c9d
设计,2fb8c2ef75fa8def8e04d862957e3c9d
实用性,2fb8c2ef75fa8def8e04d862957e3c9d
不锈钢货箱,2fb8c2ef75fa8def8e04d862957e3c9d
物品,2fb8c2ef75fa8def8e04d862957e3c9d
现代建筑,2fb8c2ef75fa8def8e04d862957e3c9d
停放的汽车,2fb8c2ef75fa8def8e04d862957e3c9d
使用场景,2fb8c2ef75fa8def8e04d862957e3c9d
图片,536e82a5178588623d1535d4441aef4a
GOWEI牌不锈钢电动三轮车,536e82a5178588623d1535d4441aef4a
车厢部分,536e82a5178588623d1535d4441aef4a
三轮车车厢,536e82a5178588623d1535d4441aef4a
全钢结构,536e82a5178588623d1535d4441aef4a
护栏,536e82a5178588623d1535d4441aef4a
结实耐用,536e82a5178588623d1535d4441aef4a
车厢内部,536e82a5178588623d1535d4441aef4a
平整宽敞,536e82a5178588623d1535d4441aef4a
运输多种物品,536e82a5178588623d1535d4441aef4a
户外的道路,536e82a5178588623d1535d4441aef4a
建筑,536e82a5178588623d1535d4441aef4a
城市的商业区,536e82a5178588623d1535d4441aef4a
工业区,536e82a5178588623d1535d4441aef4a
图片,b5ac82d3e4c75f1b08e588ce61deffc1
GOWEI,b5ac82d3e4c75f1b08e588ce61deffc1
不锈钢电动三轮车,b5ac82d3e4c75f1b08e588ce61deffc1
院子,b5ac82d3e4c75f1b08e588ce61deffc1
现代设计,b5ac82d3e4c75f1b08e588ce61deffc1
亮银色的车身,b5ac82d3e4c75f1b08e588ce61deffc1
黑色轮胎,b5ac82d3e4c75f1b08e588ce61deffc1
大型的透明灯具,b5ac82d3e4c75f1b08e588ce61deffc1
树木,b5ac82d3e4c75f1b08e588ce61deffc1
现代建筑风格的建筑,b5ac82d3e4c75f1b08e588ce61deffc1
明亮的日光,b5ac82d3e4c75f1b08e588ce61deffc1
整体场景,b5ac82d3e4c75f1b08e588ce61deffc1
工作人员,8b1f13bab32bfbc15dd1506830b6d521
红色叉车,8b1f13bab32bfbc15dd1506830b6d521
包装好的电动车,8b1f13bab32bfbc15dd1506830b6d521
大型集装箱,8b1f13bab32bfbc15dd1506830b6d521
MAERSK标志,8b1f13bab32bfbc15dd1506830b6d521
傍晚,8b1f13bab32bfbc15dd1506830b6d521
天空,8b1f13bab32bfbc15dd1506830b6d521
包装箱,8b1f13bab32bfbc15dd1506830b6d521
Forte字样,8b1f13bab32bfbc15dd1506830b6d521
室外,8b1f13bab32bfbc15dd1506830b6d521
混凝土,8b1f13bab32bfbc15dd1506830b6d521
GOWEI 电动车装柜,8b1f13bab32bfbc15dd1506830b6d521
操作员,af117b22f00524af00195cae9f76dc33
红色的叉车,af117b22f00524af00195cae9f76dc33
大型包裹,af117b22f00524af00195cae9f76dc33
车间,af117b22f00524af00195cae9f76dc33
卡车,af117b22f00524af00195cae9f76dc33
货柜,af117b22f00524af00195cae9f76dc33
白天,af117b22f00524af00195cae9f76dc33
天蓝的天空,af117b22f00524af00195cae9f76dc33
建筑物,af117b22f00524af00195cae9f76dc33
GOWEI 电动车装柜,af117b22f00524af00195cae9f76dc33
照片,6ba263042adc2005a1a19d486604f2b0
工人,6ba263042adc2005a1a19d486604f2b0
夜间,6ba263042adc2005a1a19d486604f2b0
电动车,6ba263042adc2005a1a19d486604f2b0
大型货柜车,6ba263042adc2005a1a19d486604f2b0
货柜车门,6ba263042adc2005a1a19d486604f2b0
货物箱,6ba263042adc2005a1a19d486604f2b0
大型纸箱,6ba263042adc2005a1a19d486604f2b0
货柜车外侧,6ba263042adc2005a1a19d486604f2b0
装运,6ba263042adc2005a1a19d486604f2b0
灯光,6ba263042adc2005a1a19d486604f2b0
忙碌而有序的工作气氛,6ba263042adc2005a1a19d486604f2b0
GOWEI,6ba263042adc2005a1a19d486604f2b0
GOWEI 电动车装柜,6ba263042adc2005a1a19d486604f2b0
图片,424dccc766bf87f0a6182426c4f3f704
GOWEI牌电动车,424dccc766bf87f0a6182426c4f3f704
货柜,424dccc766bf87f0a6182426c4f3f704
场景,424dccc766bf87f0a6182426c4f3f704
白天,424dccc766bf87f0a6182426c4f3f704
叉车,424dccc766bf87f0a6182426c4f3f704
包裹,424dccc766bf87f0a6182426c4f3f704
保护膜,424dccc766bf87f0a6182426c4f3f704
集装箱,424dccc766bf87f0a6182426c4f3f704
集装箱门,424dccc766bf87f0a6182426c4f3f704
叉车司机,424dccc766bf87f0a6182426c4f3f704
货物,424dccc766bf87f0a6182426c4f3f704
安全,424dccc766bf87f0a6182426c4f3f704
地面,424dccc766bf87f0a6182426c4f3f704
物料,424dccc766bf87f0a6182426c4f3f704
电线卷,424dccc766bf87f0a6182426c4f3f704
GOWEI 电动车装柜,424dccc766bf87f0a6182426c4f3f704
展会,83cdebffe300aa0c7e70f21baebff26e
顾客,83cdebffe300aa0c7e70f21baebff26e
江苏GOWEI摩托车公司,83cdebffe300aa0c7e70f21baebff26e
电动两轮车,83cdebffe300aa0c7e70f21baebff26e
公司介绍横幅,83cdebffe300aa0c7e70f21baebff26e
公司信息,83cdebffe300aa0c7e70f21baebff26e
产品特点,83cdebffe300aa0c7e70f21baebff26e
地毯,83cdebffe300aa0c7e70f21baebff26e
蓝色,83cdebffe300aa0c7e70f21baebff26e
白色花朵图案,83cdebffe300aa0c7e70f21baebff26e
专业,83cdebffe300aa0c7e70f21baebff26e
现代感,83cdebffe300aa0c7e70f21baebff26e
客户试驾GOWEI电动两轮车,83cdebffe300aa0c7e70f21baebff26e
ROCKET电动车,34058c577ef78c8c63004436932cd8c4
正面照片,34058c577ef78c8c63004436932cd8c4
现代化的白色设计,34058c577ef78c8c63004436932cd8c4
前部设计,34058c577ef78c8c63004436932cd8c4
流线型,34058c577ef78c8c63004436932cd8c4
明亮的前灯,34058c577ef78c8c63004436932cd8c4
两个侧面后视镜,34058c577ef78c8c63004436932cd8c4
锋利且具有未来感的造型,34058c577ef78c8c63004436932cd8c4
整体车型,34058c577ef78c8c63004436932cd8c4
时尚,34058c577ef78c8c63004436932cd8c4
实用,34058c577ef78c8c63004436932cd8c4
图片背景,34058c577ef78c8c63004436932cd8c4
带有“F”标志的工业建筑,34058c577ef78c8c63004436932cd8c4
ROCKET电动车,8e7397dfc67a1b7e68f9328f3cfac2f1
照片,8e7397dfc67a1b7e68f9328f3cfac2f1
电动车颜色,8e7397dfc67a1b7e68f9328f3cfac2f1
白色,8e7397dfc67a1b7e68f9328f3cfac2f1
设计,8e7397dfc67a1b7e68f9328f3cfac2f1
现代,8e7397dfc67a1b7e68f9328f3cfac2f1
侧面线条,8e7397dfc67a1b7e68f9328f3cfac2f1
流畅,8e7397dfc67a1b7e68f9328f3cfac2f1
前轮,8e7397dfc67a1b7e68f9328f3cfac2f1
碟刹,8e7397dfc67a1b7e68f9328f3cfac2f1
车身侧边,8e7397dfc67a1b7e68f9328f3cfac2f1
几何感,8e7397dfc67a1b7e68f9328f3cfac2f1
座位设计,8e7397dfc67a1b7e68f9328f3cfac2f1
宽敞,8e7397dfc67a1b7e68f9328f3cfac2f1
棕色座垫,8e7397dfc67a1b7e68f9328f3cfac2f1
复古风格,8e7397dfc67a1b7e68f9328f3cfac2f1
实用性,8e7397dfc67a1b7e68f9328f3cfac2f1
时尚美观,8e7397dfc67a1b7e68f9328f3cfac2f1
ROCKET电动车正侧面照片,8e7397dfc67a1b7e68f9328f3cfac2f1
ROCKET品牌电动车,0dc41e78f15c9b167f74f55a21a31a79
前轮,0dc41e78f15c9b167f74f55a21a31a79
车身,0dc41e78f15c9b167f74f55a21a31a79
图片,0dc41e78f15c9b167f74f55a21a31a79
设计,0dc41e78f15c9b167f74f55a21a31a79
辐条轮圈,0dc41e78f15c9b167f74f55a21a31a79
碟刹系统,0dc41e78f15c9b167f74f55a21a31a79
轮胎,0dc41e78f15c9b167f74f55a21a31a79
尺寸信息,0dc41e78f15c9b167f74f55a21a31a79
120/70-12,0dc41e78f15c9b167f74f55a21a31a79
用途说明,0dc41e78f15c9b167f74f55a21a31a79
Tubeless,0dc41e78f15c9b167f74f55a21a31a79
真空轮胎,0dc41e78f15c9b167f74f55a21a31a79
颜色,0dc41e78f15c9b167f74f55a21a31a79
白色,0dc41e78f15c9b167f74f55a21a31a79
车身线条,0dc41e78f15c9b167f74f55a21a31a79
背景,0dc41e78f15c9b167f74f55a21a31a79
城市街头环境,0dc41e78f15c9b167f74f55a21a31a79
图片,c8ff8111d134353bf2dcc956261fef37
ROCKET,c8ff8111d134353bf2dcc956261fef37
电动车,c8ff8111d134353bf2dcc956261fef37
仪表盘,c8ff8111d134353bf2dcc956261fef37
白色设计,c8ff8111d134353bf2dcc956261fef37
黑色屏幕,c8ff8111d134353bf2dcc956261fef37
操作按钮,c8ff8111d134353bf2dcc956261fef37
转向灯开关,c8ff8111d134353bf2dcc956261fef37
远近光灯切换,c8ff8111d134353bf2dcc956261fef37
行车模式,c8ff8111d134353bf2dcc956261fef37
喇叭,c8ff8111d134353bf2dcc956261fef37
电源,c8ff8111d134353bf2dcc956261fef37
整体设计,c8ff8111d134353bf2dcc956261fef37
功能分区,c8ff8111d134353bf2dcc956261fef37
ROCKET品牌电动车,2c749f4bb7b876a2d6a0b94d7129b2ec
照片,2c749f4bb7b876a2d6a0b94d7129b2ec
电动车,2c749f4bb7b876a2d6a0b94d7129b2ec
白色,2c749f4bb7b876a2d6a0b94d7129b2ec
棕色座椅,2c749f4bb7b876a2d6a0b94d7129b2ec
防抱死制动系统,2c749f4bb7b876a2d6a0b94d7129b2ec
车体造型现代,2c749f4bb7b876a2d6a0b94d7129b2ec
整体设计流畅,2c749f4bb7b876a2d6a0b94d7129b2ec
背景,2c749f4bb7b876a2d6a0b94d7129b2ec
建筑物,2c749f4bb7b876a2d6a0b94d7129b2ec
深色墙面,2c749f4bb7b876a2d6a0b94d7129b2ec
前侧面视图,2c749f4bb7b876a2d6a0b94d7129b2ec
ROCKET品牌电动摩托车,44b6c1305b21eb07273b0ba4e46bb815
照片,44b6c1305b21eb07273b0ba4e46bb815
现代设计,44b6c1305b21eb07273b0ba4e46bb815
白色,44b6c1305b21eb07273b0ba4e46bb815
棕色座椅,44b6c1305b21eb07273b0ba4e46bb815
侧面,44b6c1305b21eb07273b0ba4e46bb815
前灯,44b6c1305b21eb07273b0ba4e46bb815
后视镜,44b6c1305b21eb07273b0ba4e46bb815
把手,44b6c1305b21eb07273b0ba4e46bb815
车轮,44b6c1305b21eb07273b0ba4e46bb815
背景,44b6c1305b21eb07273b0ba4e46bb815
灰色墙面,44b6c1305b21eb07273b0ba4e46bb815
外观特征,44b6c1305b21eb07273b0ba4e46bb815
ROCKET电动车侧面,44b6c1305b21eb07273b0ba4e46bb815
ROCKET品牌,385e1d0bab1a41ec002d1f9b27418850
电动车,385e1d0bab1a41ec002d1f9b27418850
调速把,385e1d0bab1a41ec002d1f9b27418850
图片,385e1d0bab1a41ec002d1f9b27418850
右侧,385e1d0bab1a41ec002d1f9b27418850
设计简洁,385e1d0bab1a41ec002d1f9b27418850
黑色的握把,385e1d0bab1a41ec002d1f9b27418850
银色的端部,385e1d0bab1a41ec002d1f9b27418850
左侧,385e1d0bab1a41ec002d1f9b27418850
控制按钮,385e1d0bab1a41ec002d1f9b27418850
模式切换,385e1d0bab1a41ec002d1f9b27418850
启动按钮,385e1d0bab1a41ec002d1f9b27418850
背景,385e1d0bab1a41ec002d1f9b27418850
灰色的地面,385e1d0bab1a41ec002d1f9b27418850
部件细节,385e1d0bab1a41ec002d1f9b27418850
ROCKET品牌电动车,e47b7cc3e39047eb449576cd30a00c72
后轮,e47b7cc3e39047eb449576cd30a00c72
电机部分,e47b7cc3e39047eb449576cd30a00c72
轮胎,e47b7cc3e39047eb449576cd30a00c72
刹车盘,e47b7cc3e39047eb449576cd30a00c72
减震器,e47b7cc3e39047eb449576cd30a00c72
电动机,e47b7cc3e39047eb449576cd30a00c72
Nylon,e47b7cc3e39047eb449576cd30a00c72
Combined ABS,e47b7cc3e39047eb449576cd30a00c72
联合防抱死制动系统,e47b7cc3e39047eb449576cd30a00c72
机械细节,e47b7cc3e39047eb449576cd30a00c72
设计,e47b7cc3e39047eb449576cd30a00c72
功能性,e47b7cc3e39047eb449576cd30a00c72
图片,33b2ba2f782c1a2dc286c9c2412592e8
大型现代化工厂建筑,33b2ba2f782c1a2dc286c9c2412592e8
ROCKET,33b2ba2f782c1a2dc286c9c2412592e8
电动车,33b2ba2f782c1a2dc286c9c2412592e8
红色旗帜,33b2ba2f782c1a2dc286c9c2412592e8
建筑顶部,33b2ba2f782c1a2dc286c9c2412592e8
建筑主体,33b2ba2f782c1a2dc286c9c2412592e8
灰白色,33b2ba2f782c1a2dc286c9c2412592e8
大片窗户,33b2ba2f782c1a2dc286c9c2412592e8
柱状的装饰门廊,33b2ba2f782c1a2dc286c9c2412592e8
白色小型货车,33b2ba2f782c1a2dc286c9c2412592e8
宣传和服务的信息,33b2ba2f782c1a2dc286c9c2412592e8
整体场景,33b2ba2f782c1a2dc286c9c2412592e8
晴朗的天气,33b2ba2f782c1a2dc286c9c2412592e8
整洁,33b2ba2f782c1a2dc286c9c2412592e8
专业的感觉,33b2ba2f782c1a2dc286c9c2412592e8
ROCKET电动车工厂介绍,33b2ba2f782c1a2dc286c9c2412592e8
电动版Vespa摩托车,27817bc2c30fbab254810e4a982b52ae
图片,27817bc2c30fbab254810e4a982b52ae
淡蓝色,27817bc2c30fbab254810e4a982b52ae
棕色的座椅,27817bc2c30fbab254810e4a982b52ae
金属装饰,27817bc2c30fbab254810e4a982b52ae
前后的灯光,27817bc2c30fbab254810e4a982b52ae
车把上的镜子,27817bc2c30fbab254810e4a982b52ae
透明的挡风玻璃,27817bc2c30fbab254810e4a982b52ae
后部附加的行李箱,27817bc2c30fbab254810e4a982b52ae
工作室环境,27817bc2c30fbab254810e4a982b52ae
地面,27817bc2c30fbab254810e4a982b52ae
黑色设备,27817bc2c30fbab254810e4a982b52ae
充电,27817bc2c30fbab254810e4a982b52ae
电动摩托车,27817bc2c30fbab254810e4a982b52ae
现代设计,27817bc2c30fbab254810e4a982b52ae
功能特性,27817bc2c30fbab254810e4a982b52ae
Vespa电动车展示,27817bc2c30fbab254810e4a982b52ae
浅蓝色Vespa电动车,c9875192050734c20badc9da39162f5b
图片,c9875192050734c20badc9da39162f5b
摩托车,c9875192050734c20badc9da39162f5b
前后的镀铬保险杠,c9875192050734c20badc9da39162f5b
皮质座椅,c9875192050734c20badc9da39162f5b
顶部行李箱,c9875192050734c20badc9da39162f5b
圆形的大灯,c9875192050734c20badc9da39162f5b
风挡玻璃,c9875192050734c20badc9da39162f5b
整体设计,c9875192050734c20badc9da39162f5b
时尚,c9875192050734c20badc9da39162f5b
实用,c9875192050734c20badc9da39162f5b
背景,c9875192050734c20badc9da39162f5b
室内环境,c9875192050734c20badc9da39162f5b
黑色的摄影灯架,c9875192050734c20badc9da39162f5b
Vespa电动车展示,c9875192050734c20badc9da39162f5b
图片,ea1c2d30d86873824e5b8c5fb2acd39a
银色的Vespa电动车,ea1c2d30d86873824e5b8c5fb2acd39a
整体设计,ea1c2d30d86873824e5b8c5fb2acd39a
时尚,ea1c2d30d86873824e5b8c5fb2acd39a
经典,ea1c2d30d86873824e5b8c5fb2acd39a
前挡风玻璃,ea1c2d30d86873824e5b8c5fb2acd39a
后置行李箱,ea1c2d30d86873824e5b8c5fb2acd39a
实用,ea1c2d30d86873824e5b8c5fb2acd39a
优雅,ea1c2d30d86873824e5b8c5fb2acd39a
摄影棚,ea1c2d30d86873824e5b8c5fb2acd39a
主视觉焦点,ea1c2d30d86873824e5b8c5fb2acd39a
摩托车,ea1c2d30d86873824e5b8c5fb2acd39a
设计,ea1c2d30d86873824e5b8c5fb2acd39a
车辆的细节,ea1c2d30d86873824e5b8c5fb2acd39a
展示用途,ea1c2d30d86873824e5b8c5fb2acd39a
功能性,ea1c2d30d86873824e5b8c5fb2acd39a
Vespa电动车展示,ea1c2d30d86873824e5b8c5fb2acd39a
Vespa电动车,263489b1284d3f23b2d10257adae6913
照片,263489b1284d3f23b2d10257adae6913
摩托车,263489b1284d3f23b2d10257adae6913
深灰色,263489b1284d3f23b2d10257adae6913
前后金属护栏,263489b1284d3f23b2d10257adae6913
后部储物箱,263489b1284d3f23b2d10257adae6913
透明的风挡,263489b1284d3f23b2d10257adae6913
侧镜,263489b1284d3f23b2d10257adae6913
经典而现代的设计风格,263489b1284d3f23b2d10257adae6913
简单的白色,263489b1284d3f23b2d10257adae6913
黑色支架,263489b1284d3f23b2d10257adae6913
地面,263489b1284d3f23b2d10257adae6913
摩托车的细节,263489b1284d3f23b2d10257adae6913
